,投稿类型,欠款总额,投稿人性别
20190102T_4324068922431840,网贷,80000,女
20190102T_4324069878486011,网贷,未提及,未提及
20190102T_4324071141213227_1,网贷,五六千,女
20190102T_4324071141213227_2,网贷,600000,女
20190102T_4324071141213227_3,网贷,120000,未提及
20190102T_4324073422756045,网贷,440000,女
20190102T_4324145926102026,网贷,未提及,未提及
20190102T_4324148693769959,网贷,未提及,未提及
20190103T_4324348665884839,网贷,未提及,男
20190103T_4324353572865882,赌博,未提及具体金额,未提及
20190103T_4324364410747458,网贷,30000,未提及
20190103T_4324395621342137,网贷,140000,未提及
20190103T_4324413396513332,赌博,100000,男
20190103T_4324415359328442,赌博,16000,男
20190103T_4324422426699965,网贷,18万,未提及
20190104T_4324658800992717,网贷,49000,女
20190104T_4324659711152248,网贷,未提及,未提及
20190104T_4324677822363515,其他,未提及,未提及
20190104T_4324790468239945,网贷,0.8,男
20190105T_4325060079139543,网贷,未提及具体金额,未提及
20190105T_4325097315317226_1,网贷,12000,女
20190105T_4325097315317226_2,网贷,未提及具体金额,女
20190105T_4325116478933171_1,赌博,好几万,男
20190105T_4325116478933171_2,赌博,八于多,未提及
20190105T_4325195902430788,网贷,4000,未提及
20190106T_4325253935083601,网贷,5500,未提及
20190106T_4325409208343356,网贷,5,未提及
20190106T_4325416283755993,网贷,未提及,未提及
20190106T_4325419987275980_1,网贷,22000,未提及
20190106T_4325419987275980_2,网贷,未提及具体金额,女
20190106T_4325433275303364,网贷,50000,男
20190106T_4325437322908698_1,赌博,600000,男
20190106T_4325437322908698_2,网贷,未提及,未提及
20190106T_4325437322908698_3,网贷,70000,未提及
20190106T_4325448509043929,网贷,未提及,未提及
20190106T_4325461229707397,网贷,未提及,未提及
20190106T_4325471859060140,网贷,10000,未提及
20190106T_4325493341697233,网贷,170000,女
20190106T_4325532054853388_1,网贷,20000,男
20190106T_4325532054853388_2,网贷,30000,男
20190106T_4325532054853388_3,网贷,未提及,男
20190106T_4325535410192100_1,网贷,130000,男
20190106T_4325535410192100_2,其他,未提及,未提及
20190106T_4325575630026998_1,网贷,23000,男
20190106T_4325575630026998_2,赌博,30000,男
20190106T_4325575630026998_3,网贷,几万,未提及
20190106T_4325575630026998_4,赌博,未提及具体金额,未提及
20190106T_4325575630026998_5,网贷,22000,男
20190106T_4325575630026998_6,网贷,未提及具体金额,未提及
20190106T_4325596870325253_1,网贷,800000,未提及
20190106T_4325596870325253_2,网贷,未提及,未提及
20190106T_4325603249658583,其他,未提及,未提及
20190107T_4325750498612802_1,网贷,78000,女
20190107T_4325750498612802_2,网贷,800000,未提及
20190107T_4325767233677448,赌博,100,未提及
20190107T_4325786150292932_1,网贷,714,女
20190107T_4325786150292932_2,网贷,未提及,未提及
20190107T_4325799714570738,网贷,100000,女
20190107T_4325802600487470,网贷,未提及,未提及
20190107T_4325896816709684,网贷,未提及,未提及
20190107T_4325950319692849,其他,未提及,未提及
20190107T_4325962470053323,未提及,未提及,未提及
20190108T_4326151947808081,网贷,230000,男
20190108T_4326185795737479,网贷,49000,女
20190108T_4326191709921566,网贷,50000,女
20190108T_4326196878171917,网贷,140000,未提及
20190108T_4326197527597378,网贷,未提及,未提及
20190108T_4326199943412073_1,网贷,25000,男
20190108T_4326199943412073_2,网贷,600000,未提及
20190108T_4326232504368267,其他,未提及,男
20190108T_4326320152714262,网贷,30000,男
20190108T_4326332559103320,其他,未提及,未提及
20190109T_4326340842957270_1,网贷,40000,女
20190109T_4326340842957270_2,网贷,未提及,未提及
20190109T_4326476209987173,其他,100000,男
20190109T_4326505607818037,网贷,好几十万,女
20190109T_4326544522396954,其他,未提及,未提及
20190109T_4326590790230005,其他,未提及,未提及
20190109T_4326628945984289,网贷,70000,未提及
20190109T_4326630182583725,网贷,10000,未提及
20190109T_4326634397616478,其他,未提及,未提及
20190109T_4326655646006046,网贷,45000,女
20190109T_4326685468391597,网贷,60000,未提及
20190109T_4326691683976551,其他,未提及,未提及
20190110T_4326836387865599,网贷,未提及,未提及
20190110T_4326845237097829,网贷,未提及,女
20190110T_4326853424331781,网贷,80000,未提及
20190110T_4326867815541512,网贷,未提及,未提及
20190110T_4326880007589129,网贷,未提及具体金额,女
20190110T_4326886291223507_1,网贷,90000,女
20190110T_4326886291223507_2,网贷,850,未提及
20190110T_4326886291223507_3,网贷,600000,未提及
20190110T_4326987935579754_1,网贷,30000,男
20190110T_4326987935579754_2,网贷,30000,未提及
20190110T_4326987935579754_3,网贷,未提及具体金额,未提及
20190110T_4327045813758747,网贷,未提及,未提及
20190110T_4327049977778008,其他,未提及,未提及
20190111T_4327197961914273,其他,十几万,女
20190111T_4327247090002037,网贷,13000,未提及
20190111T_4327266496020311_1,网贷,34000,女
20190111T_4327266496020311_2,网贷,20000,未提及
20190111T_4327338953612472_1,网贷,30000,男
20190111T_4327338953612472_2,网贷,600000,未提及
20190111T_4327338953612472_3,网贷,600000,未提及
20190111T_4327338953612472_4,网贷,500,男
20190111T_4327415896997125,其他,未提及,未提及
20190112T_4327441109630245,网贷,未提及,未提及
20190112T_4327645497752278,网贷,未提及,未提及
20190112T_4327647767028629_1,赌博,未提及,未提及
20190112T_4327647767028629_2,网贷,30000,女
20190112T_4327783234051710,其他,未提及,未提及
20190113T_4327967556929611,网贷,45000,男
20190113T_4327986293611683_1,网贷,65000,未提及
20190113T_4327986293611683_2,网贷,35000,未提及
20190113T_4327986293611683_3,网贷,未提及,男
20190113T_4328031071609468,网贷,50000,未提及
20190113T_4328092442317977,网贷,800000,未提及
20190113T_4328136566925406,网贷,1000元（趣分期）+2000元（招联好期）+1000元（平安普惠）+3000多元（同学借款）+其他未明确金额,未提及
20190113T_4328143697958307,未提及,未提及,未提及
20190114T_4328300647941793_1,其他,20000,女
20190114T_4328300647941793_2,其他,未提及,未提及
20190114T_4328300647941793_3,其他,未提及,女
20190114T_4328401365832231,网贷,258000,未提及
20190114T_4328509868136310,未提及,未提及,未提及
20190115T_4328650142670459_1,网贷,51200,男
20190115T_4328650142670459_2,网贷,20万,男
20190115T_4328655973401786,网贷,未提及,未提及
20190115T_4328689376534924_1,网贷,20000,未提及
20190115T_4328689376534924_2,网贷,几十万,未提及
20190115T_4328689376534924_3,其他,未提及,未提及
20190115T_4328717826559302_1,网贷,50000,女
20190115T_4328717826559302_2,网贷,50000,女
20190115T_4328767566841603_1,网贷,200000,女
20190115T_4328767566841603_2,网贷,200000,未提及
20190115T_4328840094475852_1,网贷,30000,未提及
20190115T_4328840094475852_2,网贷,30827,女
20190115T_4328867936691808,其他,未提及,未提及
20190116T_4328879302750506,网贷,5000,未提及
20190116T_4329109980900814_1,赌博,未提及具体金额,未提及
20190116T_4329109980900814_2,赌博,未提及具体金额,未提及
20190116T_4329109980900814_3,赌博,未提及具体金额,未提及
20190116T_4329109980900814_4,赌博,未提及具体金额,未提及
20190116T_4329109980900814_5,赌博,未提及,未提及
20190116T_4329115249094434,网贷,200000,未提及
20190116T_4329129812223877,赌博,30,未提及
20190116T_4329132395364574_1,网贷,未提及,女
20190116T_4329137768738374_1,网贷,230000,未提及
20190116T_4329137768738374_2,网贷,未提及,未提及
20190116T_4329224925929852,网贷,117888.22,女
20190116T_4329229095677814_1,网贷,30000,未提及
20190116T_4329229095677814_2,网贷,30000,未提及
20190116T_4329234623542850,其他,未提及,未提及
20190117T_4329390890520167,网贷,500000,女
20190117T_4329401590443900,网贷,"50, 20, 56, 57, 20",未提及
20190117T_4329416563610975,其他,未提及,未提及
20190117T_4329423777985978,网贷,34,男
20190117T_4329482665440654,网贷,20000,未提及
20190118T_4329605999726011,其他,未提及,未提及
20190118T_4329769560889990,其他,未提及,男
20190118T_4329790410953348_1,网贷,未提及具体金额,男
20190118T_4329790410953348_2,网贷,未提及,男
20190118T_4329807464835113,赌博,100,女
20190118T_4329940440504829,网贷,190000,女
20190118T_4329953636067556,其他,未提及,未提及
20190119T_4330137392391767,赌博,250000,女
20190119T_4330139003356754,网贷,75000,女
20190119T_4330158666053322,网贷,未提及,未提及
20190119T_4330185819889293,网贷,16000,男
20190120T_4330508089080688,其他,6000,未提及
20190120T_4330523394350512_2,网贷,200,未提及
20190120T_4330556936471974_1,网贷,78000,女
20190120T_4330556936471974_2,网贷,1000,未提及
20190120T_4330663869447359,网贷,30000,未提及
20190121T_4330822721509375,其他,未提及,未提及
20190121T_4330855419762471,网贷,10000,未提及
20190121T_4330888387451239,赌博,100000,女
20190121T_4330893172667690,网贷,几千块,女
20190121T_4330936827413686_1,网贷,30000,女
20190121T_4330936827413686_2,网贷,30000,女
20190121T_4330963405852706,其他,未提及,未提及
20190121T_4331020134667114,赌博,70000000,未提及
20190121T_4331037259304613,其他,未提及,未提及
20190121T_4331039751178034,网贷,200000,未提及
20190122T_4331187524825792_1,网贷,240000,未提及
20190122T_4331187524825792_2,赌博,未提及,未提及
20190122T_4331294693259692,网贷,未提及,未提及
20190122T_4331301597531999,网贷,200000,未提及
20190122T_4331305464776461,网贷,15000,女
20190122T_4331409637827541,网贷,未提及,未提及
20190122T_4331411189922918,网贷,21000,未提及
20190123T_4331574574931928,赌博,22000,男
20190123T_4331577208765047,网贷,95000,女
20190123T_4331611313548699,赌博,几千块到十几万，信用卡三张全部逾期，背债200万给50万,未提及
20190123T_4331615192637831,网贷,500000,未提及
20190128T_4333360693711521,网贷,900000,男
20190129T_4333870750710930,网贷,150000,男
20190130T_4334106961764872,网贷,几万,未提及
20190130T_4334112405947412_1,网贷,10000-100000元,未提及
20190130T_4334112405947412_2,网贷,20000,未提及
20190130T_4334157708439328,网贷,49000,未提及
20190130T_4334243960292642,网贷,1~15万,未提及
20190130T_4334305268094973,网贷,未提及,女
20190131T_4334553801913104,网贷,200000,未提及
20190131T_4334589227424178,网贷,十几万,未提及
20190201T_4334858224305825,网贷,200000,未提及
20190201T_4334875836224941,网贷,40000,女
20190201T_4335033244234691,网贷,60万,女
20190202T_4335380943802276,赌博,14000000,未提及
20190203T_4335674205774577,赌博,50000,男
20190204T_4335934104816505,网贷,40000,男
20190205T_4336467934973348,网贷,150000,女
20190205T_4336470199844872,网贷,80000,女
20190205T_4336474252068499,网贷,3000多,未提及
20190206T_4336631622026995,其他,未提及,未提及
20190206T_4336632213033012,网贷,未提及具体金额,未提及
20190209T_4337722787306282,网贷,1000,未提及
20190209T_4337724918093398,网贷,11800,女
20190209T_4337726070891053,网贷,未提及具体金额,女
20190209T_4337731301315377,其他,未提及,未提及
20190209T_4337732166266160,网贷,80000,未提及
20190209T_4337869533979209,网贷,60000,男
20190209T_4337873577239176,网贷,8000,未提及
20190210T_4337942807441450,网贷,100000,男
20190210T_4338101558374574,网贷,150000,女
20190210T_4338138404934136_1,其他,未提及,未提及
20190210T_4338138404934136_2,其他,未提及,女
20190210T_4338138404934136_3,其他,未提及,男
20190210T_4338138404934136_4,其他,未提及,未提及
20190210T_4338138404934136_5,其他,未提及,未提及
20190210T_4338139965740274,其他,未提及,未提及
20190210T_4338176719588092,网贷,100000,未提及
20190211T_4338469415866333,网贷,90000,男
20190211T_4338470615348285,赌博,230000,女
20190211T_4338537418112215,网贷,2000,未提及
20190211T_4338604723115775,网贷,未提及,女
20190211T_4338605905950000,网贷,49000,女
20190211T_4338607379083495,网贷,未提及,未提及
20190212T_4338818720585828,其他,未提及,未提及
20190212T_4338835393474488,网贷,15000,男
20190212T_4338864632553796,网贷,200000,未提及
20190212T_4339007763013087,网贷,160000,未提及
20190213T_4339213123771260,网贷,700000,女
20190213T_4339250655313261,网贷,90000,男
20190214T_4339552656991710,赌博,30多w,女
20190214T_4339618050773049,网贷,350000,男
20190214T_4339718714102637,网贷,28000,未提及
20190214T_4339741191003694,网贷,400000,未提及
20190215T_4339911764509411,网贷,18000,未提及
20190215T_4339913413453324,网贷,100000,女
20190215T_4339926835116477,网贷,170000,男
20190215T_4339953519808678,网贷,250000,男
20190216T_4340258726423800,其他,未提及,男
20190216T_4340372555556866,网贷,14000,未提及
20190216T_4340374292412305,赌博,21000,男
20190216T_4340375533297561,网贷,150000,女
20190218T_4341101169554058,网贷,未提及,未提及
20190218T_4341102301540881,赌博,45000,女
20190218T_4341137164064064,网贷,70000,未提及
20190219T_4341197609303307,其他,未提及,未提及
20190219T_4341356044396416,网贷,78000,未提及
20190219T_4341358527679751,网贷,70000,女
20190219T_4341376571023008,网贷,6000到6w，6w到8w，半个多月到3w多,未提及
20190219T_4341416627367974,网贷,未提及,未提及
20190219T_4341446490972552,网贷,150000,女
20190219T_4341521174512428,赌博,100000,未提及
20190219T_4341534570479142_1,网贷,800000,未提及
20190219T_4341534570479142_2,其他,未提及,未提及
20190220T_4341719451369959,网贷,714,未提及
20190220T_4341721460637650,赌博,30000,男
20190220T_4341724974853232,网贷,70000,女
20190220T_4341748593264778,网贷,3000,未提及
20190220T_4341750228922865,赌博,未提及具体金额,男
20190220T_4341760765145546,网贷,56000,女
20190220T_4341780243473484,网贷,120000,女
20190220T_4341865145127377,网贷,200000,未提及
20190220T_4341911936676191,其他,未提及,未提及
20190221T_4342056278888130,网贷,80000,男
20190221T_4342064756378769,赌博,50000,未提及
20190221T_4342099208203180,赌博,600000,女
20190221T_4342103540630762,网贷,90000,未提及
20190221T_4342107931468743_1,网贷,1w-5w,未提及
20190221T_4342107931468743_2,网贷,3000-100000,未提及
20190221T_4342113431006468,赌博,30个,男
20190221T_4342122243483655,网贷,800,未提及
20190221T_4342141578189295,赌博,100万,男
20190221T_4342159546652212,网贷,未提及具体金额,未提及
20190221T_4342233522222741,网贷,60000,未提及
20190221T_4342282755044387,网贷,20000,女
20190222T_4342284939844588,其他,未提及,未提及
20190222T_4342420956825608,网贷,5000,未提及
20190222T_4342437369478991,其他,2万多,未提及
20190223T_4342662238945364,其他,未提及,未提及
20190223T_4342809669034111,网贷,10000,未提及
20190223T_4342872108883455,其他,未提及,未提及
20190223T_4342932519581543,网贷,220000,未提及
20190224T_4343012883063275,网贷,未提及具体金额,未提及
20190224T_4343152850379117,网贷,130000,女
20190224T_4343172412814811,赌博,未提及具体金额,未提及
20190224T_4343174216427186,赌博,600000,未提及
20190224T_4343193476407816,其他,5000,未提及
20190224T_4343196458869198,其他,未提及,未提及
20190224T_4343212992701277,赌博,100,男
20190224T_4343280739225579,网贷,100000,男
20190225T_4343514131164248,网贷,未提及具体金额,未提及
20190225T_4343553276324524,网贷,80000,女
20190225T_4343604127811423,网贷,53000,未提及
20190225T_4343621736024192,赌博,600000,女
20190225T_4343710470742068,网贷,100000,男
20190225T_4343713158745733,赌博,未提及具体金额,未提及
20190225T_4343730453021191,其他,未提及,未提及
20190226T_4343882840526015,网贷,80000,未提及
20190226T_4343884173528332,网贷,5000,男
20190226T_4343885645489356,网贷,未提及,女
20190226T_4343887189474329,网贷,60000,未提及
20190226T_4343938645507402,网贷,250000,未提及
20190226T_4343947491117020,网贷,20000,女
20190226T_4344077455925868,网贷,350000,女
20190227T_4344266560476068,网贷,36万,未提及
20190227T_4344291319341168,网贷,150000,未提及
20190227T_4344297480314586,其他,未提及,未提及
20190227T_4344318648846123,其他,"67000, 100000",未提及
20190227T_4344322683847163,网贷,200000,女
20190227T_4344324000807610,网贷,未提及具体金额,未提及
20190227T_4344331802646856,网贷,36000,女
20190227T_4344352283270076,其他,未提及,未提及
20190227T_4344419400591349,赌博,未提及具体金额,男
20190227T_4344449796572659,其他,未提及,未提及
20190228T_4344614909880748,网贷,200000,男
20190228T_4344619321789952,网贷,7000,未提及
20190228T_4344631208845780,其他,未提及,未提及
20190228T_4344635701003901,网贷,30000,未提及
20190228T_4344646472139753,网贷,100000,未提及
20190228T_4344652222073178,网贷,90000,未提及
20190228T_4344671448517901,网贷,100000,女
20190228T_4344680462562420,其他,未提及,未提及
20190228T_4344695498622482,网贷,90000,未提及
20190228T_4344708463074734,网贷,400000,未提及
20190228T_4344713135609950,网贷,13500,未提及
20190228T_4344753899876689_1,网贷,21586,女
20190228T_4344753899876689_2,其他,61,未提及
20190228T_4344808657399306,网贷,180000,女
20190228T_4344809600694991,其他,未提及,未提及
20190301T_4344963943062409,赌博,100000,男
20190301T_4344986121858390,网贷,未提及,未提及
20190301T_4344989158535333,其他,未提及具体金额,未提及
20190301T_4345002434118967,网贷,200000,女
20190301T_4345004023061832,网贷,150000,未提及
20190301T_4345016539868489,赌博,未提及,未提及
20190301T_4345043374078790,赌博,30,女
20190301T_4345058327668046,网贷,714一堆，7万,未提及
20190301T_4345064035400607,其他,未提及,未提及
20190301T_4345066955118504,网贷,110000,女
20190301T_4345068233649260,赌博,140000,女
20190302T_4345331673831824,网贷,几千到几万,未提及
20190302T_4345335637465676,网贷,65000,未提及
20190302T_4345344374153757,网贷,120000,女
20190302T_4345348530834950,其他,未提及,未提及
20190302T_4345361524733679,网贷,未提及具体金额,女
20190302T_4345378772292535,网贷,180000,未提及
20190302T_4345454248610330,网贷,20个,女
20190303T_4345686487446492,网贷,十几万,未提及
20190303T_4345687196059189,赌博,8000,未提及
20190303T_4345688118826447,网贷,未提及具体金额,女
20190303T_4345743089109206,网贷,20000,男
20190303T_4345791890421765_1,网贷,40000,未提及
20190303T_4345791890421765_2,其他,4653.4,男
20190304T_4346042458034494,其他,未提及,未提及
20190304T_4346053145092197,网贷,150000,未提及
20190304T_4346061503682861,赌博,60000,女
20190304T_4346066646328806,网贷,未提及具体金额,女
20190304T_4346069351610201,其他,未提及,未提及
20190304T_4346075085451343_1,网贷,90000,女
20190304T_4346075085451343_2,未提及,未提及,未提及
20190304T_4346087004983220,赌博,2000,未提及
20190304T_4346147906396729,网贷,未提及,未提及
20190304T_4346148829695845,网贷,未提及,未提及
20190304T_4346157914841460,赌博,100000000,男
20190304T_4346161798646977,赌博,300000,未提及
20190304T_4346165522399999,网贷,40000,女
20190304T_4346177942477598,网贷,170000,未提及
20190304T_4346247038884127,网贷,未提及,未提及
20190305T_4346431320568821,网贷,30000,女
20190305T_4346445118961447,赌博,60000,男
20190305T_4346460101485290,网贷,20000,男
20190305T_4346461250930029,网贷,30000,女
20190305T_4346544633598598,其他,40000,女
20190305T_4346621687398132,其他,未提及,未提及
20190305T_4346633098923788,其他,未提及,未提及
20190306T_4346801194274689,网贷,260000,男
20190306T_4346808442752294,其他,未提及,未提及
20190306T_4346816243482420,网贷,30000,女
20190306T_4346876755271172,其他,未提及,未提及
20190306T_4346879657450052,未提及,未提及,未提及
20190306T_4346884376583996,未提及,未提及,未提及
20190307T_4347131051225717,网贷,85000,女
20190307T_4347156200519889_1,网贷,40000,未提及
20190307T_4347156200519889_2,网贷,未提及具体金额,未提及
20190307T_4347164064847089,网贷,未提及,未提及
20190307T_4347164958444351,网贷,230000,未提及
20190307T_4347179399179863,网贷,140000,男
20190307T_4347239352664401,网贷,400000,未提及
20190307T_4347252355545513,网贷,未提及,女性
20190307T_4347289402817547_1,网贷,未提及具体金额,男
20190307T_4347289402817547_2,网贷,120000,未提及
20190307T_4347295442659644,赌博,4万,未提及
20190307T_4347355232572769,其他,未提及,未提及
20190307T_4347356792678377,其他,未提及,未提及
20190308T_4347523277744085,网贷,200000,未提及
20190308T_4347598326011547,网贷,95000,未提及
20190308T_4347637836080067,其他,未提及,未提及
20190309T_4347895110956515,网贷,24000,男
20190309T_4347990761926297,网贷,未提及,未提及
20190309T_4347991739238740,其他,未提及,未提及
20190310T_4348271226263447,网贷,6000,未提及
20190310T_4348326096544817,网贷,100000,未提及
20190312T_4348942416097039_1,其他,六七万,女
20190312T_4348942416097039_2,其他,未提及,未提及
20190312T_4348945977126073,网贷,8000,男
20190312T_4348948686818026,网贷,120000,未提及
20190312T_4348957192823851,网贷,9500,未提及
20190312T_4348959478675053,网贷,未提及具体金额,男
20190312T_4348964197046171,网贷,37000,未提及
20190312T_4348966042554661,网贷,340000,男
20190312T_4349015862803285,其他,未提及,未提及
20190312T_4349084112336411,其他,未提及,未提及
20190312T_4349155440599240,赌博,90000,女
20190313T_4349307098364240,赌博,260000,女
20190313T_4349366305450105,网贷,未提及具体金额,女
20190313T_4349517304343112,网贷,3,女
20190313T_4349521679431885,其他,未提及,未提及
20190314T_4349693884845769,网贷,未提及,未提及
20190314T_4349729162629547,赌博,8000,女
20190314T_4349794212169639,赌博,190000,男
20190315T_4350039470011340,网贷,110000,男
20190315T_4350061296626203,网贷,100000,男
20190315T_4350077785449467,网贷,未提及具体金额,未提及
20190315T_4350090582080757,网贷,20000,未提及
20190315T_4350118939938229,赌博,16000,女
20190315T_4350166628817559,其他,100000,女
20190316T_4350398342805169,赌博,400000,女
20190316T_4350430097730987,赌博,未提及,未提及
20190316T_4350433801562802,网贷,52000,未提及
20190316T_4350502839899440,网贷,30000,未提及
20190316T_4350558720469113,网贷,100000,未提及
20190317T_4350773212690862,网贷,400000,女
20190317T_4350781782393550,网贷,90,未提及
20190317T_4350836798658831,网贷,30,未提及
20190317T_4350927873722707,网贷,150000,未提及
20190318T_4350984899974007_1,网贷,130000,女
20190318T_4350984899974007_2,其他,未提及,女
20190318T_4351000460149290,其他,未提及,未提及
20190318T_4351119717001406,网贷,20000,女
20190318T_4351129590274468,赌博,几万,未提及
20190318T_4351164184658425,赌博,几十万,男
20190318T_4351182921649519,网贷,714欠了4万信用卡欠了2万朋友借欠了5万其他上征信的分期乐玖富平安招联13万,未提及
20190318T_4351209656044985_1,网贷,160000,女
20190318T_4351209656044985_2,网贷,未提及,女
20190318T_4351219625700156_1,网贷,250000,未提及
20190318T_4351219625700156_2,网贷,涉及多个金额，具体如下：拍拍贷22100.32元，省呗5128.38元，省呗6017.97元，省呗12495.43元，小赢卡贷22790.97元，微粒贷8879.2元，微粒贷1504.95元，微粒贷825.84元，微粒贷833.59元，微粒贷1773.43元，京东10653.76元，京东4629.57元，京东4480.38元，京东8740.96元，元气满满1582.05元，要钱快1567元，小鹿钱包1562元，小鹅贷2029.49元，闪电速借1015元，蛋花花1522元，蚂蚁钱庄2536.75元，应急贷2029.4元，米介2029.4元，多米贷4013.36元，及贷6680元，广发银行42909元，招商银行42764.16元，光大银行22475.43元，建设银行10000元。,未提及
20190318T_4351253658428179,网贷,170000,女
20190319T_4351486437851444,网贷,50000,未提及
20190319T_4351499742133131,网贷,30000,未提及
20190319T_4351513802044656,网贷,100000,未提及
20190319T_4351527084611521_1,网贷,650000,女
20190319T_4351527084611521_2,网贷,"73000, 198021, 17305, 12461, 19000, 19952, 44866, 10543, 18115, 8258, 22729, 21324, 5376, 10243, 18500, 730, 11787, 10916, 3937, 29696, 10063, 4448, 2997, 3800, 13250, 2163, 2163, 22809, 4935, 2537, 1523, 1004, 5442, 1302, 3021, 1523, 1832, 735, 2537, 1523, 1523, 2537, 2030, 1500, 9030, 1817",未提及
20190319T_4351536639042187,网贷,100000,未提及
20190319T_4351540522945704,网贷,1000000,未提及
20190319T_4351554465319448,网贷,140000,未提及
20190319T_4351666184752544,网贷,30000,男
20190320T_4351856118923050,其他,未提及,未提及
20190320T_4351864407871387,网贷,80000,女
20190320T_4351866395853047,网贷,120000,未提及
20190320T_4351867381835667,网贷,300000,未提及
20190320T_4351868874833127,网贷,未提及具体金额,未提及
20190320T_4351869691918897,网贷,未提及,未提及
20190320T_4351871990916840,网贷,200000,男
20190320T_4351935933182057,网贷,10000,男
20190320T_4351936369541838_1,其他,未提及,未提及
20190320T_4351937472376033,其他,未提及,未提及
20190320T_4351942824781939,网贷,26000,未提及
20190321T_4352248660414842,网贷,20万,未提及
20190321T_4352249565861178,网贷,未提及具体金额,女
20190321T_4352250737046048,网贷,60,男
20190321T_4352271325895650,网贷,7000,女
20190321T_4352277899006517,其他,40000,未提及
20190321T_4352331724634156,网贷,未提及,未提及
20190321T_4352361449392557,网贷,20000,未提及
20190321T_4352364994073527,网贷,200000,未提及
20190321T_4352366893902379,网贷,未提及具体金额,未提及
20190321T_4352381237811965,其他,未提及,未提及
20190322T_4352566290785077,赌博,70000,男
20190322T_4352604689244442,网贷,400000,男
20190322T_4352613023639373,网贷,200000,未提及
20190322T_4352617066686694,网贷,未提及,未提及
20190322T_4352618816497362,网贷,50000,女
20190322T_4352620409714486,其他,未提及,未提及
20190322T_4352622304998210,网贷,150000,女
20190322T_4352634503255974,网贷,77107,未提及
20190322T_4352638902131540,网贷,22000,未提及
20190322T_4352701116674358,网贷,130000,未提及
20190323T_4352965676581280,网贷,200000,未提及
20190323T_4352967132081326,赌博,16000000,女
20190323T_4352969970921860,网贷,27000,未提及
20190323T_4352971888292585,网贷,140000,未提及
20190323T_4352974589531998,网贷,150000,未提及
20190323T_4352993501446733,其他,10000,未提及
20190324T_4353332157881782,赌博,93000,女
20190324T_4353333550876982,网贷,100000,未提及
20190324T_4353334380740397,网贷,未提及,未提及
20190324T_4353335685320945,网贷,100000,女
20190324T_4353336419036145,网贷,30000,男
20190324T_4353402320136912,网贷,40000,女
20190324T_4353404031242886,赌博,33000,未提及
20190324T_4353461619519168,网贷,200000,未提及
20190324T_4353515465558138,其他,未提及,未提及
20190325T_4353521166158221,网贷,660000,未提及
20190325T_4353524483574594,其他,未提及,未提及
20190325T_4353652662146833,网贷,80000,女
20190325T_4353657497381475,网贷,27000,未提及
20190325T_4353660626377516,其他,未提及,未提及
20190325T_4353672882676147,网贷,200000,女
20190325T_4353693291822625,赌博,220000,未提及
20190325T_4353705966577944,网贷,47327,未提及
20190325T_4353735729761732,赌博,未提及具体金额,男
20190325T_4353747737819713,赌博,3000,男
20190325T_4353777811295743,网贷,100000,女
20190325T_4353792730980286,其他,100000,女
20190325T_4353851907612034,网贷,12000,未提及
20190326T_4354017729135339,网贷,48000,未提及
20190326T_4354075435171216,网贷,几千块,未提及
20190326T_4354076865172067,网贷,160000,未提及
20190327T_4354406995076665,网贷,巨额,未提及
20190327T_4354408952671719,网贷,45000,女
20190327T_4354448110690078,网贷,未提及,未提及
20190327T_4354448728292654,网贷,40000,女
20190327T_4354449784750935,赌博,未提及具体金额,男
20190327T_4354467073511717,网贷,60000,男
20190327T_4354534740746683_1,网贷,41293.8,未提及
20190327T_4354534740746683_2,其他,未提及,未提及
20190328T_4354740253275057,网贷,十一万，三十多万,未提及
20190328T_4354803452870259,网贷,90000,女
20190328T_4354822603915833,网贷,100000,男
20190328T_4354857361511269,网贷,120000,未提及
20190328T_4354955861488121_2,网贷,85100000,未提及
20190329T_4355166100729017_1,网贷,800000,男
20190329T_4355166100729017_2,其他,未提及,未提及
20190329T_4355166100729017_3,其他,35,未提及
20190329T_4355166100729017_4,其他,未提及,未提及
20190329T_4355166100729017_5,其他,未提及,未提及
20190329T_4355166100729017_6,其他,未提及,未提及
20190401T_4356187719847465,其他,未提及,未提及
20190401T_4356196217766003,网贷,23000,未提及
20190401T_4356227444485854,赌博,250000,男
20190401T_4356253662373519_1,网贷,143648,女
20190401T_4356253662373519_2,网贷,"48442, 3349, 14085, 22511, 3899, 9718, 19770, 2000, 17400, 2474",未提及
20190401T_4356253662373519_3,其他,未提及,未提及
20190401T_4356253662373519_4,网贷,100000,未提及
20190401T_4356314173806967_1,网贷,66000,女
20190401T_4356314173806967_2,网贷,60000,未提及
20190401T_4356377570894377,网贷,800000,女
20190402T_4356566892965701,网贷,220000,未提及
20190402T_4356614577780953,网贷,30000,女
20190402T_4356685168062458_1,网贷,200000,未提及
20190402T_4356685168062458_2,网贷,207600,未提及
20190402T_4356685168062458_3,其他,7000,未提及
20190402T_4356691518875186,网贷,100000,男
20190402T_4356709273145625,网贷,130000,未提及
20190403T_4356917130041018,网贷,未提及具体金额,女
20190403T_4356920661936489,网贷,50000,未提及
20190403T_4356929775830629,网贷,100000,未提及
20190403T_4356938819340135_1,网贷,80000,未提及
20190403T_4356938819340135_2,网贷,3000,未提及
20190403T_4356938819340135_3,网贷,2541.50,未提及
20190403T_4356958217597996,网贷,55000,女
20190403T_4357115206668880_1,网贷,未提及,未提及
20190404T_4357285347756290_1,网贷,28000,未提及
20190404T_4357285347756290_2,网贷,28000,未提及
20190404T_4357295636639282_1,网贷,30000,女
20190404T_4357295636639282_2,网贷,40000,女
20190404T_4357333431601731_1,网贷,40000,女
20190404T_4357333431601731_2,其他,未提及,未提及
20190404T_4357373416009726,网贷,5000,男
20190404T_4357374535373009,网贷,28000,女
20190404T_4357384380582756_1,网贷,未提及,男
20190404T_4357384380582756_2,赌博,未提及,未提及
20190404T_4357384380582756_3,网贷,110454.47,未提及
20190404T_4357446858769584,网贷,未提及,未提及
20190404T_4357460632074078,网贷,未提及具体金额,男
20190405T_4357671198663650,网贷,5000,女
20190405T_4357768607269337,网贷,15000,女
20190405T_4357862064901577,其他,未提及,未提及
20190406T_4358030986511735,其他,未提及,未提及
20190407T_4358380480770992,网贷,未提及具体金额,未提及
20190408T_4358721461326705,其他,未提及,未提及
20190408T_4358928995030041,网贷,200000,女
20190408T_4358931184670483,网贷,未提及具体金额,未提及
20190408T_4358934850618858,网贷,20000,未提及
20190408T_4358937459136873,赌博,7000,未提及
20190409T_4359114483677579,其他,未提及,女
20190409T_4359117181150904,赌博,55000,未提及
20190409T_4359151184150261,网贷,100000,男
20190409T_4359160419921835,网贷,未提及,未提及
20190409T_4359186513227979,赌博,150000,未提及
20190409T_4359262895200004_2,赌博,欠款无数,未提及
20190409T_4359269883296175,网贷,30000,未提及
20190409T_4359303705939616_1,网贷,100000,男
20190409T_4359303705939616_2,其他,未提及,未提及
20190409T_4359310207690808,其他,未提及,未提及
20190410T_4359472031410156,网贷,180000,未提及
20190410T_4359481137958474,网贷,未提及,未提及
20190410T_4359491284145596,网贷,"16092.44, 13053.05, 12779.52, 7749.35, 4336.05, 3279.43, 3256.81, 2850.69, 2719.09, 2228.88",未提及
20190410T_4359607218391660,网贷,31000,未提及
20190410T_4359646573254991,赌博,未提及,未提及
20190410T_4359648960800440,其他,未提及,未提及
20190410T_4359651687042987,其他,未提及,未提及
20190410T_4359671730924294,其他,未提及,未提及
20190410T_4359673630834210,其他,未提及,未提及
20190411T_4359831312097875,网贷,200000,未提及
20190411T_4359847501377540_1,赌博,40000,女
20190411T_4359847501377540_2,网贷,79100,未提及
20190411T_4360027046878081_1,其他,未提及,未提及
20190411T_4360027046878081_2,网贷,未提及,未提及
20190411T_4360040955686772,其他,未提及,未提及
20190412T_4360051534008790,其他,未提及,未提及
20190412T_4360185277524307,网贷,56000,男
20190412T_4360200574535140,赌博,未提及具体金额,未提及
20190412T_4360215086314275_1,其他,未提及,未提及
20190412T_4360215086314275_2,其他,未提及,女
20190412T_4360285982217061,其他,未提及,未提及
20190412T_4360294790643037,网贷,400000,未提及
20190413T_4360407458399920,其他,未提及,未提及
20190413T_4360542065884708,其他,30000,未提及
20190413T_4360543969822919,网贷,380000,未提及
20190413T_4360565503728723,其他,未提及,未提及
20190413T_4360695325861715,网贷,714,未提及
20190413T_4360709049964724,网贷,20000,未提及
20190414T_4360769183429846,其他,未提及,未提及
20190414T_4360926327019160_1,网贷,"5000, 3000, 1600",未提及
20190414T_4360926327019160_2,网贷,200,未提及
20190414T_4360981377799223_2,其他,20000,女
20190414T_4361036536316883,网贷,100000,女
20190414T_4361105511294489,其他,未提及,未提及
20190414T_4361112344529938,其他,未提及,未提及
20190415T_4361262425672289,网贷,40000,未提及
20190415T_4361287452651998_1,网贷,未提及,未提及
20190415T_4361287452651998_2,其他,未提及,未提及
20190416T_4361646048510599,其他,1100,未提及
20190417T_4362035095131555,网贷,未提及具体金额,未提及
20190417T_4362165953392102,网贷,420000,女
20190419T_4362760701768882_1,网贷,100000,男
20190419T_4362760701768882_2,网贷,100000,男
20190419T_4362824912424733,网贷,120000,未提及
20190419T_4362839328199620,网贷,1000,未提及
20190419T_4362902833963852,网贷,500000,女
20190419T_4362920194004852,网贷,50000,未提及
20190421T_4363309623501740,其他,未提及,未提及
20190421T_4363474840236138,其他,未提及,未提及
20190421T_4363475935163933,其他,未提及,未提及
20190421T_4363544214744630,赌博,未提及,未提及
20190421T_4363601181334253_1,网贷,"300, 5000",未提及
20190421T_4363601181334253_2,网贷,5000,未提及
20190421T_4363661386838177,其他,未提及,未提及
20190422T_4363810678445006,赌博,200000,未提及
20190422T_4363819281569133,网贷,140000,男
20190422T_4363829896755371,网贷,260000,未提及
20190422T_4363935416890083_1,网贷,500000,男
20190422T_4363935416890083_2,网贷,347144,未提及
20190422T_4363935416890083_3,网贷,176400,未提及
20190422T_4363971320380229,网贷,300000,未提及
20190422T_4363983564188286,赌博,173000,女
20190423T_4364032305176400,其他,未提及,未提及
20190423T_4364388989284623,网贷,2万,女
20190424T_4364542391389285,网贷,未提及具体金额,男
20190424T_4364550721501517,网贷,150000,女
20190424T_4364621626159124,网贷,3300,男
20190424T_4364647194420691,赌博,90000,女
20190424T_4364749741028105,其他,未提及,未提及
20190426T_4365447955098307,其他,未提及,女
20190427T_4365643169823293,网贷,20000,女
20190503T_4367940247871379_1,网贷,210000,女
20190503T_4367940247871379_2,网贷,170417,未提及
20190503T_4367963739688089,网贷,70000,男
20190503T_4367981636981723_1,赌博,315000,男
20190503T_4367981636981723_2,网贷,305922,未提及
20190503T_4367981636981723_3,其他,未提及,未提及
20190504T_4368154912298066,网贷,400000,女
20190504T_4368156607237503,网贷,380000,男
20190504T_4368173279596004,网贷,180000,未提及
20190504T_4368209018635165_1,赌博,90000,男
20190504T_4368209018635165_2,网贷,151717.17,未提及
20190504T_4368310537798204,赌博,20,女
20190504T_4368340463719294,网贷,140000,男
20190505T_4368380108724526,其他,未提及,未提及
20190505T_4368512036438183,网贷,130000,女
20190505T_4368552787788418_1,网贷,500000,未提及
20190505T_4368552787788418_2,其他,6800,未提及
20190505T_4368628649861159_1,其他,未提及具体金额,女
20190505T_4368628649861159_2,网贷,151429.88,未提及
20190505T_4368696249595406,网贷,未提及,未提及
20190505T_4368716915868346,其他,未提及,未提及
20190506T_4368742454643405,其他,未提及,未提及
20190506T_4368745771855026_1,网贷,未提及,未提及
20190506T_4368745771855026_2,其他,未提及,未提及
20190506T_4368902945407794,网贷,342000,男
20190506T_4368915381213765,其他,未提及,未提及
20190506T_4368916640292712,网贷,100000,女
20190506T_4368934914445423,网贷,130000,未提及
20190506T_4368968590447836,其他,未提及,未提及
20190506T_4368982393600753,其他,未提及,未提及
20190506T_4368997242217364,赌博,130000,未提及
20190506T_4369043962069830,网贷,未提及具体金额,女
20190506T_4369090242330413,其他,18000,未提及
20190507T_4369242541569297,网贷,40000,男
20190507T_4369256361126709,网贷,2400,未提及
20190507T_4369272790743875_1,其他,未提及,未提及
20190507T_4369272790743875_2,其他,两万多,未提及
20190507T_4369299361288446,网贷,100000,女
20190507T_4369305589885739,网贷,未提及具体金额,未提及
20190507T_4369338041352575,赌博,160000,未提及
20190507T_4369378890086923,网贷,450000,未提及
20190507T_4369450293980793,网贷,270000,未提及
20190508T_4369604187140020,网贷,15000,未提及
20190508T_4369617201198358,网贷,300000,未提及
20190508T_4369647861927601,网贷,150000,未提及
20190508T_4369719798279116,网贷,36w,女
20190508T_4369788325282057,网贷,300000,女
20190509T_4369831652113366_1,其他,未提及,未提及
20190509T_4369831652113366_2,其他,未提及,未提及
20190509T_4369965765190366,网贷,200000,未提及
20190509T_4369986329772464,网贷,80000,女
20190509T_4369993401208704,网贷,5000,未提及
20190509T_4370035780755334,赌博,5000000,女
20190509T_4370062351424737,赌博,150000,女
20190509T_4370084456020279_1,网贷,200000,未提及
20190509T_4370084456020279_2,网贷,216500,未提及
20190509T_4370084456020279_3,其他,8600,未提及
20190509T_4370092085484302,网贷,90000,未提及
20190509T_4370166835742700,网贷,30000,未提及
20190510T_4370345894852175,网贷,120000,未提及
20190510T_4370354832852466,网贷,300000,女
20190510T_4370370867860806,网贷,20000,女
20190510T_4370381898912203,网贷,80000,未提及
20190510T_4370405139484688,网贷,"8000, 1800",未提及
20190510T_4370421174356751,网贷,65000,未提及
20190510T_4370492423183887,其他,未提及,未提及
20190510T_4370510379121929_1,网贷,1600,未提及
20190510T_4370510379121929_2,网贷,5000,未提及
20190510T_4370510379121929_3,网贷,2500,未提及
20190510T_4370535121106039,网贷,90000,男
20190511T_4370685998396602,网贷,未提及,未提及
20190511T_4370738293233440,赌博,750000,男
20190511T_4370808744476021,网贷,未提及,未提及
20190512T_4371063451746652,赌博,未提及具体金额,女
20190512T_4371075481563578,赌博,220000,未提及
20190512T_4371267455398035,网贷,未提及,未提及
20190722T_4396903099747109_1,网贷,几十万，几百万,女
20190722T_4396903099747109_2,网贷,未提及具体金额,未提及
20190722T_4396903099747109_3,网贷,未提及,未提及
20190722T_4396903099747109_4,其他,未提及,未提及
20190722T_4396903099747109_5,其他,未提及,未提及
20190722T_4396903099747109_6,其他,未提及,未提及
20190723T_4397167470445687_1,网贷,未提及具体金额,男
20190723T_4397167470445687_2,其他,未提及,男
20190723T_4397176598103592,赌博,75000,女
20190723T_4397210403935726_1,其他,十几万,未提及
20190723T_4397210403935726_2,其他,未提及,未提及
20190723T_4397262677228478,赌博,15,女
20190723T_4397297007841958,赌博,四十多万,未提及
20190724T_4397520614561562,网贷,50多个,未提及
20190724T_4397578865035282_1,赌博,未提及,未提及
20190724T_4397578865035282_2,网贷,未提及,男
20190724T_4397578865035282_3,其他,未提及,未提及
20190724T_4397578865035282_4,网贷,未提及,未提及
20190724T_4397578865035282_5,其他,未提及,女
20190724T_4397578865035282_6,网贷,未提及,未提及
20190724T_4397578865035282_7,其他,未提及,未提及
20190724T_4397583881798695,赌博,未提及,未提及
20190724T_4397627460766569_1,其他,500,未提及
20190724T_4397627460766569_2,网贷,500,未提及
20190724T_4397627460766569_3,其他,500,未提及
20190725T_4397875930459845,赌博,八万多,女
20190725T_4397982457886708_1,赌博,40000,未提及
20190725T_4397982457886708_2,其他,未提及,未提及
20190725T_4397982457886708_3,其他,未提及,未提及
20190725T_4398077215918124,其他,未提及,未提及
20190726T_4398233046866048_1,其他,未提及,未提及
20190726T_4398233046866048_2,网贷,未提及,未提及
20190726T_4398276851413897,网贷,60000,女
20190726T_4398342417165612,网贷,32000,未提及
20190726T_4398352453751900,网贷,未提及,未提及
20190726T_4398390320438605,网贷,每月还2万多到现在几千,未提及
20190726T_4398423329680648_1,其他,未提及,未提及
20190726T_4398423329680648_2,其他,未提及,未提及
20190726T_4398423329680648_3,赌博,未提及,未提及
20190726T_4398423329680648_4,其他,未提及,未提及
20190701T_4389194736277553,网贷,未提及,未提及
20190701T_4389247308007900,网贷,未提及具体金额,男
20190701T_4389267721479556,网贷,欠了好几万,女
20190702T_4389424337211536,其他,未提及,未提及
20190702T_4389556038106115,网贷,4000,女
20190703T_4389894367345267,网贷,未提及,未提及
20190703T_4389904072751108,赌博,20000,未提及
20190703T_4389908879316032,网贷,60000,未提及
20190703T_4389912012615282,网贷,90000,男
20190703T_4389951708276381_1,网贷,27000,未提及
20190703T_4389951708276381_2,其他,未提及,未提及
20190703T_4389951708276381_3,网贷,未提及具体金额,未提及
20190703T_4389951708276381_4,其他,几万块钱,未提及
20190703T_4389951708276381_5,其他,未提及,未提及
20190703T_4389951708276381_6,其他,未提及,未提及
20190703T_4390020288967545,赌博,未提及,未提及
20190704T_4390267262377833,网贷,22589,未提及
20190704T_4390283464316273,赌博,140000,男
20190704T_4390347238850595_1,网贷,500000,男
20190704T_4390347238850595_2,其他,347144,未提及
20190704T_4390347238850595_3,网贷,176400,未提及
20190705T_4390613849898434,网贷,几万变成几十万,女
20190705T_4390639854550107_1,网贷,130000,未提及
20190705T_4390639854550107_2,网贷,24000,未提及
20190705T_4390666739893542,网贷,70000,男
20190708T_4391704171859745,网贷,120000,未提及
20190708T_4391728016581458,网贷,100000,未提及
20190710T_4392418004517408,赌博,80000,未提及
20190710T_4392451340964607,网贷,未提及,未提及
20190710T_4392457069921875,网贷,26000,未提及
20190711T_4392806808597559,赌博,400000,女
20190711T_4392835404889409,网贷,50000,未提及
20190712T_4393174455939828_1,网贷,80000,女
20190712T_4393174455939828_2,其他,80000,女
20190712T_4393203010284297,网贷,未提及具体金额,未提及
20190712T_4393298594103734_1,网贷,10000,女
20190712T_4393298594103734_2,网贷,330,未提及
20190715T_4394131322922359,其他,未提及,女
20190715T_4394233811613505_1,网贷,100000,未提及
20190715T_4394233811613505_2,网贷,未提及,未提及
20190715T_4394267390510382,网贷,51.7,未提及
20190715T_4394273325428539,网贷,5万元以上,未提及
20190715T_4394320381216582,网贷,10万,女
20190715T_4394335170942494,网贷,未提及具体金额,未提及
20190715T_4394433426839934_1,其他,未提及,未提及
20190715T_4394433426839934_2,网贷,"30.76, 1050.00",未提及
20190716T_4394692672325686,赌博,140000,男
20190717T_4394984700528241_1,网贷,714,女
20190717T_4394984700528241_2,其他,未提及,女
20190717T_4394984700528241_3,其他,未提及,女
20190718T_4395205463651180,赌博,230000,未提及
20190718T_4395325856480758,赌博,4200000,女
20190718T_4395347591668973,网贷,400000,男
20190718T_4395389174058609,网贷,168000,未提及
20190718T_4395442609570134,网贷,50,女
20190718T_4395533374370471,网贷,500000,未提及
20190719T_4395682146366412,网贷,230000,女
20190719T_4395747317662987,网贷,未提及,未提及
20190719T_4395752899494877,网贷,"5万, 10万",未提及
20190719T_4395796499656383,赌博,40,男
20190719T_4395888040007075,网贷,20000,未提及
20190719T_4395915533858808,其他,未提及,未提及
20190720T_4395942054898935,网贷,未提及,未提及
20190720T_4396081939316978_1,网贷,300000,女
20190720T_4396081939316978_2,其他,50000,女
20190720T_4396081939316978_3,其他,未提及,未提及
20190720T_4396081939316978_4,其他,200000,未提及
20190721T_4396517081607236,网贷,15,未提及
20190721T_4396573137831009,赌博,700000,女
20190722T_4396797378092150,网贷,100000,女
20190722T_4396813261866538,赌博,未提及,未提及
20190722T_4396822677963281_1,网贷,"300万, 100多万",未提及
20190722T_4396822677963281_2,网贷,180000,未提及
20190722T_4396829959113223_1,赌博,40,男
20190722T_4396829959113223_2,赌博,20000,未提及
20190722T_4396848368308447,赌博,未提及,未提及
20190722T_4396852461472772,网贷,未提及,未提及
20190726T_4398435463376544,网贷,120000,未提及
20190727T_4398662593071312_1,网贷,190000,未提及
20190727T_4398662593071312_2,其他,未提及,未提及
20190727T_4398662593071312_3,其他,未提及,未提及
20190727T_4398662593071312_4,其他,未提及,未提及
20190728T_4398964482295687_1,网贷,未提及,未提及
20190728T_4398964482295687_2,网贷,15000,未提及
20190729T_4399315482745331,网贷,30000,未提及
20190729T_4399327944169712,赌博,200000,未提及
20190729T_4399355479596110,网贷,700000,男
20190729T_4399379174056411,网贷,110000,未提及
20190729T_4399380784216519,网贷,140000,未提及
20190729T_4399444210124982,网贷,五万就五万十万就十万二十万就二十万,未提及
20190729T_4399452171091763,网贷,未提及,未提及
20190729T_4399534068740348,网贷,未提及具体金额,男
20190730T_4399719935249198,赌博,20000,未提及
20190730T_4399729456769418,网贷,150000,未提及
20190731T_4400117119641722,网贷,160000,未提及
20190801T_4400400209291338,赌博,300000,女
20190801T_4400438927257625,网贷,未提及,未提及
20190802T_4400983004050084,赌博,7000000,未提及
20190804T_4401535730019133,网贷,未提及,未提及
20190804T_4401688884072024,赌博,70000,男
20190805T_4401725101973711,赌博,未提及,未提及
20190805T_4401845914997388,赌博,990000,未提及
20190805T_4401875866639337,网贷,300000,女
20190805T_4401883692735665,其他,未提及,未提及
20190805T_4401932129496403,网贷,七八万,男
20190805T_4401935924579386_1,赌博,200000,女
20190805T_4401935924579386_2,其他,未提及,未提及
20190805T_4401983672427863,赌博,快过百了,未提及
20190805T_4402030037057094_1,网贷,500000,男
20190805T_4402030037057094_2,其他,未提及,未提及
20190805T_4402030037057094_3,网贷,未提及,未提及
20190805T_4402030037057094_4,其他,未提及,未提及
20190805T_4402043055571694,网贷,20000,未提及
20190806T_4402228649803476,网贷,55000,女
20190806T_4402235574615041_1,其他,未提及,未提及
20190806T_4402235574615041_2,其他,未提及,男
20190806T_4402242754503654,网贷,200000,女
20190806T_4402248287111654,网贷,500多,未提及
20190806T_4402274963002680,赌博,500000,未提及
20190806T_4402299704788028_1,赌博,45000,男
20190806T_4402299704788028_2,网贷,未提及,未提及
20190806T_4402349969410006_1,其他,未提及,未提及
20190806T_4402349969410006_2,其他,未提及,未提及
20190806T_4402349969410006_3,其他,未提及,未提及
20190806T_4402349969410006_4,网贷,未提及,未提及
20190806T_4402349969410006_5,网贷,70000,未提及
20190806T_4402349969410006_6,网贷,15000,未提及
20190806T_4402349969410006_7,网贷,未提及,女
20190806T_4402349969410006_8,网贷,50000,未提及
20190806T_4402349969410006_9,网贷,几万块钱,女
20190806T_4402415233113605,网贷,800000,男
20190807T_4402568513784806,赌博,100000,未提及
20190807T_4402589556652333,网贷,10000,女
20190807T_4402604593351727,其他,未提及,未提及
20190807T_4402613665488939,网贷,未提及,未提及
20190807T_4402634561301272,网贷,31000,未提及
20190807T_4402641373184659,其他,未提及,未提及
20190807T_4402655126100748,网贷,120000,男
20190807T_4402707429264410,网贷,200000,女
20190807T_4402739582955367,赌博,50000,男
20190807T_4402783735788229,网贷,6000,未提及
20190808T_4402820683769727,网贷,160000,未提及
20190808T_4402953429447996,赌博,1700000,女
20190808T_4403009704409595,网贷,200000,女
20190808T_4403039190011245,赌博,43,未提及
20190808T_4403046807086425,赌博,714,未提及
20190808T_4403057846216977,赌博,200多万,女
20190808T_4403065127958269_1,网贷,15万,未提及
20190808T_4403065127958269_2,其他,未提及,未提及
20190808T_4403065127958269_3,赌博,"100万, 2000",未提及
20190808T_4403065127958269_4,其他,未提及,未提及
20190808T_4403077232713938,赌博,1500,未提及
20190808T_4403135428576447,网贷,150000,女
20190809T_4403178835391762,赌博,3万,女
20190809T_4403309916421847,其他,714,未提及
20190809T_4403315565599411,其他,3500,未提及
20190809T_4403317125698656,网贷,未提及,未提及
20190809T_4403320569560300,赌博,二十万,未提及
20190809T_4403414164942258,网贷,250000,女
20190810T_4403704436682133,其他,未提及,未提及
20190810T_4403722212298701,网贷,13~17万元,男
20190812T_4404379954207857,赌博,50000,男
20190812T_4404396009883618,网贷,100000,未提及
20190812T_4404413319609420,赌博,50000,男
20190812T_4404427991329780,网贷,230000,男
20190812T_4404473323350172,网贷,7000,未提及
20190812T_4404479875133717,网贷,5000,未提及
20190812T_4404498225203839_1,网贷,"6000元/4000次, 14000元/1万次, 1600元/1000次",未提及
20190812T_4404498225203839_2,网贷,未提及,未提及
20190812T_4404498225203839_3,其他,未提及,未提及
20190813T_4404749392532139,其他,未提及,未提及
20190813T_4404765124985420,网贷,150000,女
20190813T_4404783664217186,网贷,10000,未提及
20190813T_4404799526787370,赌博,几万,未提及
20190813T_4404824248265176_1,网贷,未提及,未提及
20190813T_4404824248265176_2,其他,未提及,未提及
20190813T_4404941957133096_1,其他,未提及,未提及
20190813T_4404941957133096_2,其他,未提及,未提及
20190813T_4404950375455828_1,赌博,20000,未提及
20190813T_4404950375455828_2,网贷,未提及,未提及
20190814T_4404996734859084,其他,未提及,未提及
20190814T_4405107413924547_1,网贷,5000,未提及
20190814T_4405107413924547_2,网贷,3000,未提及
20190814T_4405112203816219,其他,8000,未提及
20190814T_4405128830137586,网贷,100000,女
20190814T_4405139257657233,网贷,20000,未提及
20190814T_4405147830680042_1,网贷,90000,女
20190814T_4405147830680042_2,网贷,100000,女
20190814T_4405147830680042_3,其他,未提及,未提及
20190814T_4405224615216317,其他,未提及,未提及
20190814T_4405227190486425,其他,未提及,未提及
20190814T_4405231595324361,网贷,230000,未提及
20190815T_4405471727728014,赌博,1000000,未提及
20190816T_4405864905284154,赌博,未提及具体金额,未提及
20190816T_4405868818510444,网贷,400000,未提及
20190816T_4405871528808165_1,其他,未提及,未提及
20190816T_4405871528808165_2,其他,未提及,未提及
20190816T_4405878746481596,网贷,90000,男
20190816T_4405890582759303,网贷,50000,女
20190816T_4405904893742897,网贷,16000,未提及
20190816T_4405907515155400,赌博,80000,男
20190816T_4405919180303922,网贷,100000,男
20190816T_4406037165883211,网贷,120000,女
20190817T_4406205277397245,网贷,十一万到三十多万,未提及
20190817T_4406217072214367,网贷,200000,女
20190817T_4406282750123145,网贷,5000,女
20190817T_4406314455699609,网贷,60000,未提及
20190817T_4406337053919618,网贷,40000,女
20190817T_4406407866144183,其他,未提及,未提及
20190818T_4406576641137108,网贷,40000,未提及
20190818T_4406598736939098,赌博,25,女
20190818T_4406627484292908,赌博,30000,男
20190819T_4406941696921351,网贷,未提及,未提及
20190819T_4407018548509373,网贷,5000,未提及
20190819T_4407033640368420,网贷,32000,男
20190819T_4407075582849264,网贷,50000,女
20190820T_4407286862324621,赌博,16,女
20190820T_4407313089517170,网贷,6-7万,未提及
20190820T_4407353828721451,网贷,50000,男
20190820T_4407386946775128,赌博,16,女
20190820T_4407421113910233,赌博,200000,男
20190820T_4407503175844479,网贷,未提及,未提及
20190821T_4407658439887920,网贷,23000,未提及
20190821T_4407663112927312,其他,未提及,未提及
20190821T_4407674348924394,网贷,3300,女
20190821T_4407723871012943_1,其他,5000元,未提及
20190821T_4407723871012943_2,赌博,未提及,未提及
20190821T_4407739188825387,网贷,230000,女
20190821T_4407790506048380,网贷,200000,未提及
20190822T_4408009457699273,网贷,110000,未提及
20190822T_4408040109362946,网贷,30000,女
20190822T_4408086481913582,赌博,未提及具体金额,未提及
20190822T_4408136741760203,网贷,10000,未提及
20190822T_4408152256683647,其他,未提及,未提及
20190822T_4408191209051211,网贷,500+,女
20190823T_4408367415767241,网贷,4000,未提及
20190823T_4408393555037757,其他,1000多,女
20190823T_4408406951163182,赌博,1000,未提及
20190823T_4408439915102891,其他,200,未提及
20190823T_4408456704882011_1,网贷,2万多,未提及
20190823T_4408456704882011_2,网贷,7800,女
20190823T_4408566872367538,赌博,未提及,未提及
20190824T_4408763601425418,网贷,几千块,女
20190825T_4408994191775960,其他,未提及,未提及
20190825T_4409105554975078_1,赌博,未提及,未提及
20190825T_4409105554975078_2,网贷,50000,男
20190825T_4409126492345974,网贷,100000,未提及
20190825T_4409238031459963,网贷,170000,未提及
20190826T_4409337516306160,其他,未提及,未提及
20190826T_4409486657616492,网贷,未提及,未提及
20190826T_4409494555596844_1,赌博,30000,未提及
20190826T_4409494555596844_2,赌博,30000,未提及
20190826T_4409531251369279,赌博,78000,女
20190827T_4409700977885553,网贷,85000,未提及
20190827T_4409847329596024,网贷,100000,男
20190827T_4409860948909020_1,其他,未提及,未提及
20190827T_4409860948909020_2,网贷,未提及,未提及
20190827T_4409880359992868_1,网贷,300000,男
20190827T_4409880359992868_2,其他,未提及,女
20190827T_4409880359992868_3,其他,未提及,未提及
20190827T_4409910810932644_1,其他,未提及,未提及
20190827T_4409910810932644_2,网贷,未提及,男
20190827T_4409910810932644_3,网贷,36000,未提及
20190827T_4409978368483565,网贷,320000,男
20190827T_4410030944310330,其他,未提及,未提及
20190828T_4410202352727625_1,网贷,3000,男
20190828T_4410202352727625_2,其他,未提及,未提及
20190828T_4410229858845168,赌博,10000,未提及
20190828T_4410280123529916_2,网贷,50000,未提及
20190828T_4410351007419649_2,网贷,4000,女
20190828T_4410351007419649_3,网贷,12000,女
20190829T_4410574555038281,其他,未提及,未提及
20190829T_4410612001602314,网贷,65000,未提及
20190830T_4410931780381609,网贷,90000,女
20190830T_4411022355816055,网贷,未提及,未提及
20190830T_4411024750872766,网贷,15个左右,未提及
20190831T_4411172188836892,网贷,20000,未提及
20190901T_4411518403759665,其他,未提及,未提及
20190901T_4411530118416421_1,其他,6666,未提及
20190901T_4411530118416421_2,网贷,36000,未提及
20190901T_4411855306759216,赌博,3万,未提及
20190902T_4412003017670717,其他,未提及,女
20190902T_4412057757226318,网贷,20000,女
20190902T_4412072647872817,其他,未提及,未提及
20190902T_4412080818342175,网贷,10500,女
20190902T_4412110857256541,其他,未提及,未提及
20190902T_4412117853391649,网贷,400000,女
20190903T_4412226289346496,赌博,15000000,女
20190903T_4412355507093396,赌博,2000,未提及
20190903T_4412374095820542,网贷,未提及,未提及
20190903T_4412389217011473,网贷,80000,女
20190903T_4412398213357205,其他,250000,男
20190903T_4412422134054454,网贷,未提及,未提及
20190903T_4412489795684947_1,网贷,未提及,未提及
20190903T_4412489795684947_2,网贷,未提及,未提及
20190903T_4412489795684947_3,其他,未提及,未提及
20190903T_4412575557546648,其他,未提及,未提及
20190904T_4412611720201662_1,赌博,100000,男
20190904T_4412611720201662_2,赌博,100万,未提及
20190904T_4412730352485753,其他,未提及,未提及
20190904T_4412738170189232,赌博,51237.15,未提及
20190904T_4412759431280281,网贷,未提及,男
20190904T_4412782927565084,网贷,70000,未提及
20190904T_4412832924120665,网贷,100000,男
20190904T_4412850980603364,网贷,100000,未提及
20190904T_4412876774865237,赌博,"10000元,5700元",未提及
20190904T_4412923382808925,网贷,未提及,未提及
20190905T_4412956982646294,其他,未提及,未提及
20190905T_4413112138294229_1,网贷,100000,女
20190905T_4413112138294229_2,其他,未提及,女
20190905T_4413144283832408,网贷,40000,未提及
20190905T_4413187707604933,其他,三四万,女
20190906T_4413317483692847,赌博,未提及,未提及
20190906T_4413354787031455,赌博,2000,男
20190906T_4413444453664662,网贷,40000,女
20190906T_4413446692764731,赌博,20000,男
20190906T_4413457476479331,赌博,200000,未提及
20190906T_4413482092532278,网贷,40000,男
20190906T_4413495913006656_1,网贷,未提及,未提及
20190906T_4413495913006656_2,其他,未提及,未提及
20190906T_4413515223331115_1,网贷,未提及,未提及
20190906T_4413515223331115_2,网贷,未提及,未提及
20190906T_4413515223331115_3,其他,未提及,未提及
20190906T_4413529295811090,其他,未提及,未提及
20190906T_4413533858801992,网贷,25000,女
20190906T_4413542620713373,网贷,未提及,未提及
20190906T_4413646220266998,网贷,300000,男
20190907T_4413697549963169,赌博,90000,女
20190907T_4413857302550744,赌博,未提及具体金额,女
20190907T_4414006280245210,赌博,260000,未提及
20190907T_4414032389369377,其他,未提及,未提及
20190908T_4414183657766257,网贷,40000,未提及
20190909T_4414560653732104,网贷,300000,未提及
20190909T_4414563761802771,其他,未提及,未提及
20190909T_4414564290339598,网贷,未提及,未提及
20190909T_4414565091151328,网贷,未提及,未提及
20190909T_4414566278443785,赌博,500000,未提及
20190909T_4414612704863402,网贷,60000,未提及
20190909T_4414626114057902,网贷,100000,未提及
20190909T_4414640060478415,其他,未提及,未提及
20190909T_4414644128667349,其他,未提及,未提及
20190909T_4414664437404656,网贷,5,女
20190909T_4414668343154477,其他,未提及,未提及
20190909T_4414716820231491,网贷,未提及,未提及
20190909T_4414726648311665,网贷,几十万,女
20190909T_4414743735042495,网贷,167000,未提及
20190909T_4414753763729510,其他,未提及,未提及
20190909T_4414759157766437,其他,未提及,未提及
20190910T_4414775414855721,网贷,40000,未提及
20190910T_4414904348075071,网贷,44000,未提及
20190910T_4414913256443281,网贷,31个左右,未提及
20190910T_4415051651808520,网贷,未提及,未提及
20190910T_4415065404658562,网贷,66000,女
20190910T_4415097067678910,赌博,未提及具体金额,男
20190910T_4415104118090827,网贷,300000,未提及
20190911T_4415251875356121_1,赌博,未提及,未提及
20190911T_4415251875356121_2,其他,50,女
20190911T_4415251875356121_3,网贷,1000,未提及
20190911T_4415251875356121_4,其他,60000,女
20190911T_4415261090335970,其他,未提及,未提及
20190911T_4415278940740791,赌博,未提及,未提及
20190911T_4415280304062130,其他,未提及,未提及
20190911T_4415291562086716,其他,未提及,未提及
20190911T_4415295193918412_1,网贷,90000,未提及
20190911T_4415295193918412_2,网贷,10000,未提及
20190911T_4415295193918412_3,赌博,12000,未提及
20190911T_4415295193918412_4,其他,未提及,未提及
20190911T_4415326378492712_1,网贷,"500-3075, 3000-36万, 100-3000元, 200元起, 5000-5万, 1000-1万, 300-2075, 最高20万, 500-20000, 最高6000, 200-10万",未提及
20190911T_4415326378492712_2,其他,1880.08,未提及
20190911T_4415326378492712_3,网贷,100万,未提及
20190911T_4415340995788549,其他,50000,未提及
20190911T_4415364479587036,网贷,70000,未提及
20190911T_4415367557988284_1,其他,未提及,未提及
20190911T_4415367557988284_2,网贷,9000,未提及
20190911T_4415378899578218,赌博,600000,未提及
20190911T_4415483027444531,网贷,未提及,男
20190912T_4415624400837242_1,网贷,7000,未提及
20190912T_4415624400837242_2,其他,未提及,未提及
20190912T_4415631082509651,其他,未提及,未提及
20190912T_4415645497957177_1,网贷,未提及,未提及
20190912T_4415645497957177_2,网贷,未提及,未提及
20190912T_4415645497957177_3,网贷,300000,未提及
20190912T_4415667316458428,网贷,30000,男
20190912T_4415700032213635,其他,未提及,未提及
20190912T_4415712174853752,网贷,30,未提及
20190912T_4415798636200561_1,网贷,200000,女
20190912T_4415798636200561_2,网贷,未提及,未提及
20190913T_4415992098436398,其他,未提及,未提及
20190913T_4416112516674991,赌博,未提及,未提及
20190914T_4416386590004863,网贷,11500,女
20190915T_4416714907002258,网贷,80000,男
20190915T_4416819496760161,网贷,100000,未提及
20190916T_4416942976968386,赌博,5,男
20190916T_4416946126557956_1,其他,未提及,未提及
20190916T_4416946126557956_2,其他,未提及,未提及
20190916T_4417068474329746,其他,5000,女
20190917T_4417439905253513,网贷,210000,未提及
20190917T_4417454883026993,赌博,两万,未提及
20190917T_4417460436789069,赌博,90000,女
20190917T_4417482376617695,其他,未提及,未提及
20190917T_4417489846778295,网贷,未提及,未提及
20190917T_4417506406181080,其他,未提及,未提及
20190917T_4417511669402334_1,赌博,1100,未提及
20190917T_4417511669402334_2,赌博,200,未提及
20190917T_4417547632265631,赌博,72,未提及
20190918T_4417665261509958,网贷,未提及,未提及
20190918T_4417679349625737,其他,未提及,未提及
20190918T_4417801399532753,网贷,110000,女
20190918T_4417824887453593,赌博,5,男
20190918T_4417834497291750,网贷,100000,未提及
20190918T_4417843065953090_1,网贷,未提及,男
20190918T_4417843065953090_2,网贷,未提及,未提及
20190918T_4417849071781293,网贷,未提及,未提及
20190918T_4417921344419460,网贷,500000,女
20190919T_4418038163745478,其他,未提及,未提及
20190919T_4418055284739012,其他,未提及,未提及
20190919T_4418157567430675_1,赌博,未提及,未提及
20190919T_4418157567430675_2,网贷,200000,未提及
20190919T_4418203738793425,网贷,120000,女
20190919T_4418227138490842,其他,未提及,未提及
20190919T_4418235627467596,网贷,830000,未提及
20190919T_4418246252295390,网贷,70000,未提及
20190919T_4418256846706836,其他,未提及,未提及
20190919T_4418369312949909,网贷,未提及,未提及
20190920T_4418535876975006,网贷,420000,未提及
20190920T_4418545880237885,网贷,未提及,未提及
20190920T_4418551861455450,赌博,4000,男
20190921T_4418790315917132_1,网贷,80000000000至100000000000,未提及
20190921T_4418790315917132_2,网贷,未提及,未提及
20190921T_4418935442740754,网贷,2900,未提及
20190923T_4419608192506401,网贷,20000,未提及
20190923T_4419616674014801,网贷,200000,未提及
20190923T_4419631084883124,网贷,未提及具体金额,未提及
20190923T_4419645685413054,赌博,未提及具体金额,未提及
20190923T_4419711452123875,赌博,100000,女
20190923T_4419720705070218_1,网贷,未提及,女
20190923T_4419720705070218_2,其他,未提及,未提及
20190923T_4419720705070218_3,其他,未提及,未提及
20190923T_4419720705070218_4,网贷,未提及,未提及
20190923T_4419720705070218_5,网贷,未提及,未提及
20190923T_4419720705070218_6,网贷,3000,未提及
20190923T_4419720705070218_7,网贷,未提及,未提及
20190923T_4419720705070218_8,网贷,未提及,未提及
20190923T_4419720705070218_9,网贷,36000,未提及
20190923T_4419746088412682,网贷,30000,未提及
20190923T_4419763830713479,其他,未提及,未提及
20190924T_4419842364656368,网贷,未提及,未提及
20190924T_4419850757650923,其他,未提及,未提及
20190924T_4419979774800908,赌博,8,男
20190924T_4419997616694201,网贷,20000,未提及
20190924T_4420024305178578_1,网贷,未提及,未提及
20190924T_4420024305178578_2,网贷,未提及,未提及
20190924T_4420024305178578_3,其他,未提及,男
20190924T_4420051509572229_1,其他,未提及,未提及
20190924T_4420051509572229_2,网贷,未提及,未提及
20190924T_4420157071513742_1,网贷,120000,未提及
20190924T_4420157071513742_2,网贷,90000,女
20190924T_4420157071513742_3,其他,1000,未提及
20190924T_4420157071513742_4,其他,未提及,未提及
20190924T_4420157071513742_5,网贷,90188.64,未提及
20190925T_4420216471539444,其他,未提及,未提及
20190925T_4420229272550130_1,其他,未提及,未提及
20190925T_4420229272550130_2,其他,未提及,未提及
20190925T_4420332629068963,其他,未提及,未提及
20190925T_4420342560848158,其他,未提及,未提及
20190925T_4420349430639707,其他,未提及,未提及
20190925T_4420354715577513,网贷,几万块钱,未提及
20190925T_4420464522982526,其他,未提及,未提及
20190925T_4420473364157196,网贷,11,女
20190926T_4420711114757578,网贷,未提及,未提及
20190926T_4420754961301342,网贷,80000,未提及
20190926T_4420765581485542,网贷,未提及,未提及
20190926T_4420809328603030,网贷,130000,未提及
20190926T_4420828643291852_1,其他,未提及,未提及
20190926T_4420828643291852_2,赌博,160000,女
20190926T_4420889082804423,网贷,350000,男
20190927T_4421057467594311,网贷,未提及,未提及
20190927T_4421068876204189_2,其他,未提及,女
20190927T_4421091265375301_1,网贷,"4000, 4500",未提及
20190927T_4421091265375301_2,网贷,未提及,未提及
20190927T_4421124827825917,网贷,未提及,未提及
20190927T_4421135993650927,网贷,75000,未提及
20190928T_4421328012398668,其他,未提及,未提及
20190929T_4421796503240446,网贷,30000,女
20190929T_4421817831981808_1,其他,100000,未提及
20190929T_4421817831981808_2,网贷,100000,女
20190929T_4421817831981808_3,其他,未提及,未提及
20190929T_4421840422434852,网贷,60000,男
20190929T_4421898866156941,网贷,223000,未提及
20190930T_4422139861622282,其他,未提及,未提及
20190930T_4422151736078084_1,网贷,4500,未提及
20190930T_4422151736078084_2,其他,未提及,未提及
20190930T_4422166462155652_1,网贷,90000,女
20190930T_4422166462155652_2,网贷,7591.14+3776+983.33=12350.47,未提及
20190930T_4422272855190690,赌博,100多w,未提及
20190930T_4422299492925286,网贷,200-2000,未提及
20191003T_4423274861372257,其他,未提及,女
20191003T_4423349419464118,赌博,未提及具体金额,未提及
20191003T_4423351357351571,其他,未提及,未提及
20191003T_4423445959575754,其他,未提及,未提及
20191004T_4423591875468562,网贷,50000,未提及
20191004T_4423597383003142_1,网贷,8000,男
20191004T_4423597383003142_2,其他,5000,未提及
20191004T_4423607809566070,网贷,2000000,未提及
20191004T_4423627778393934,网贷,53000,未提及
20191004T_4423646242663602,其他,未提及,女
20191004T_4423735765015588,其他,未提及,女
20191004T_4423789486360766,网贷,500000,未提及
20191004T_4423791389769545,网贷,50000,未提及
20191005T_4423843542374115,其他,未提及,未提及
20191005T_4423963805949883,网贷,173000,未提及
20191005T_4423988493047032,网贷,30000,未提及
20191005T_4424015902618148,赌博,37000,未提及
20191005T_4424036362270043,网贷,80000,女
20191006T_4424357356824997,其他,未提及,未提及
20191006T_4424371063915067_1,其他,400000,未提及
20191006T_4424371063915067_2,赌博,430000,女
20191006T_4424371063915067_3,赌博,830000,未提及
20191006T_4424371063915067_4,赌博,430000,女
20191006T_4424525309498088,网贷,75000,未提及
20191007T_4424607932988204,网贷,未提及具体金额,女
20191007T_4424702384182277,网贷,50000,未提及
20191007T_4424718310820828_1,赌博,120000,男
20191007T_4424718310820828_2,其他,未提及,未提及
20191007T_4424733573914036,网贷,700000,未提及
20191007T_4424836547442749,网贷,120000,男
20191007T_4424855481462912,赌博,未提及具体金额,未提及
20191007T_4424866805149041,网贷,240000,男
20191008T_4425059567355418,网贷,未提及,女
20191008T_4425064004756149,其他,未提及,未提及
20191008T_4425076126803702,其他,未提及,未提及
20191008T_4425088143644059,赌博,200000,未提及
20191008T_4425102932699993,网贷,15000,未提及
20191008T_4425112281462223,网贷,两万,女
20191008T_4425127980217144,网贷,40000,女
20191008T_4425160050268746,网贷,140000,女
20191008T_4425202014349646,赌博,25000,未提及
20191009T_4425277066802271,网贷,6666,未提及
20191009T_4425393945377423,网贷,847.7万,未提及
20191009T_4425405123419115,赌博,110000,男
20191009T_4425413122019610,网贷,8070.76,未提及
20191009T_4425423682889334,其他,50000,未提及
20191009T_4425452016218857,其他,500,未提及
20191009T_4425513415860152_1,网贷,250000,男
20191009T_4425513415860152_2,网贷,未提及,未提及
20191009T_4425598288051796,其他,2000,未提及
20191010T_4425755767214564,网贷,140000,女
20191010T_4425767692106892_1,网贷,未提及,男
20191010T_4425767692106892_2,网贷,45000,女
20191010T_4425767692106892_3,其他,未提及,未提及
20201118T_4572649256917272_1,其他,未提及,未提及
20201118T_4572649256917272_2,其他,未提及,未提及
20201118T_4572649256917272_3,网贷,未提及,未提及
20201118T_4572649256917272_4,其他,未提及,未提及
20201118T_4572649256917272_5,其他,未提及,未提及
20201118T_4572649256917272_6,其他,未提及,未提及
20230820T_4936786982211655,网贷,33000,女
20230820T_4936793587975041,网贷,10000,女
20230822T_4937508325958480,网贷,115000,男
20230823T_4937970572075636_1,其他,未提及,未提及
20230823T_4937970572075636_2,网贷,未提及,男
20230823T_4937970572075636_3,网贷,50000,男
20230823T_4937970572075636_4,网贷,70000,未提及
20230827T_4939348738312593,网贷,90000,女
20230827T_4939381204063134,赌博,500000,女
20230831T_4940763286998779,赌博,20000,男
20230902T_4941595227196203_1,赌博,60000,未提及
20230902T_4941595227196203_3,网贷,60000,未提及
20230902T_4941595227196203_4,赌博,未提及,未提及
20230903T_4941873237985066_1,赌博,90,未提及
20230903T_4941873237985066_2,网贷,40000,未提及
20230903T_4941873237985066_3,网贷,10000,未提及
20230903T_4941873237985066_4,网贷,13000,未提及
20230903T_4941873237985066_5,其他,50000,未提及
20230903T_4941873237985066_6,其他,未提及,未提及
20230903T_4941873237985066_7,网贷,未提及,男
20230903T_4941873237985066_8,其他,2,未提及
20230903T_4941906539970573,网贷,100000,男
20230904T_4942202172606181,网贷,未提及,未提及
20230905T_4942687624761755,网贷,90000,未提及
20230907T_4943321506251811,其他,未提及,未提及
20230911T_4944790975154308_1,赌博,48000000,男
20230911T_4944790975154308_2,其他,4406.0,未提及
20230911T_4944790975154308_3,其他,未提及,未提及
20230911T_4944790975154308_4,其他,未提及,未提及
20230911T_4944790975154308_5,其他,4000,未提及
20230911T_4944790975154308_6,网贷,2000,未提及
20230911T_4944790975154308_7,其他,2000,未提及
20230911T_4944790975154308_8,网贷,1000,未提及
20230911T_4944790975154308_9,其他,20000,未提及
20230920T_4948013388137888,网贷,240000,未提及
20230921T_4948394171698832_3,其他,10000,未提及
20230921T_4948394171698832_4,其他,未提及,未提及
20230922T_4948800549421173,赌博,100多万,未提及
20230924T_4949486898775704_1,赌博,3000000,未提及
20230924T_4949486898775704_2,其他,未提及,未提及
20230924T_4949486898775704_3,其他,1000,未提及
20230924T_4949486898775704_4,赌博,500000,未提及
20230924T_4949486898775704_5,其他,未提及,未提及
20230924T_4949488437299719,其他,未提及,未提及
20230925T_4949842487678171,其他,未提及,未提及
20230926T_4950172554233420,赌博,200000,女
20230926T_4950240617563429,其他,18000,未提及
20230927T_4950549017661971,赌博,几十万，小十万，十来万，两万多,未提及
20230928T_4950922078717367,赌博,1400000,女
20230929T_4951273444999681,赌博,260000,女
20230929T_4951289461999754,网贷,160000,未提及
20230930T_4951743885476986,赌博,1W,未提及
20231001T_4952002083949846,网贷,120000,女
20231005T_4953452973656658,赌博,8000,未提及
20231005T_4953460480152722,网贷,163751.43,男
20231006T_4953801125792088,赌博,30万,未提及
20231006T_4953825562067269,其他,未提及,未提及
20231006T_4953898999352024,赌博,45690,未提及
20231007T_4954188368840744_10,其他,5000,未提及
20231007T_4954188368840744_11,网贷,5000,未提及
20231007T_4954188368840744_12,网贷,5000.0,未提及
20231007T_4954188368840744_13,其他,未提及,未提及
20231007T_4954188368840744_2,网贷,30000,未提及
20231007T_4954188368840744_3,网贷,10655000,未提及
20231007T_4954188368840744_4,其他,未提及,未提及
20231007T_4954188368840744_5,其他,未提及,未提及
20231007T_4954188368840744_6,其他,未提及,未提及
20231007T_4954188368840744_7,其他,未提及,未提及
20231007T_4954188368840744_8,其他,12000,未提及
20231007T_4954188368840744_9,其他,未提及,未提及
20231007T_4954275669085555,网贷,120000,未提及
20231008T_4954559401692001_1,网贷,未提及,未提及
20231008T_4954559401692001_2,其他,未提及,未提及
20231008T_4954559401692001_3,其他,未提及,未提及
20231009T_4954959961129896,赌博,50000,女
20231009T_4954995578635771_1,网贷,60000,未提及
20231009T_4954995578635771_2,网贷,未提及,未提及
20231010T_4955274273100208,网贷,82000,未提及
20231011T_4955642227066867_1,赌博,50000,未提及
20231011T_4955642227066867_2,其他,300,未提及
20231011T_4955642227066867_3,其他,200,未提及
20231011T_4955659718363287_10,其他,未提及,未提及
20231011T_4955659718363287_2,其他,未提及,未提及
20231011T_4955659718363287_3,其他,未提及,未提及
20231011T_4955659718363287_4,其他,未提及,未提及
20231011T_4955659718363287_5,其他,未提及,未提及
20231011T_4955659718363287_6,赌博,200000,未提及
20231011T_4955659718363287_7,其他,未提及,未提及
20231011T_4955659718363287_8,赌博,未提及,未提及
20231011T_4955659718363287_9,其他,200w,未提及
20231011T_4955689459385596,网贷,40000,未提及
20231012T_4955875515564211_1,其他,未提及,未提及
20231012T_4955875515564211_2,其他,未提及,未提及
20231012T_4956001628588345,赌博,二三十万，20万,女
20231012T_4956077306415098_2,赌博,30000,未提及
20231012T_4956077306415098_3,其他,未提及,未提及
20231012T_4956077306415098_4,网贷,未提及,未提及
20231012T_4956077306415098_5,网贷,未提及,未提及
20231012T_4956077306415098_6,网贷,未提及,未提及
20231012T_4956077306415098_7,其他,未提及,未提及
20231015T_4957069540066589,网贷,未提及,未提及
20231015T_4957110796812479_2,其他,未提及,未提及
20231015T_4957110796812479_3,其他,未提及,未提及
20231016T_4957466468815295,赌博,20万，30万,女
20231016T_4957491870043132,赌博,60,女
20231016T_4957556197820062,网贷,45000,未提及
20231017T_4957795481815116,赌博,275000,女
20231019T_4958535888929372,赌博,未提及具体金额,女
20231019T_4958619003260220,网贷,2000,男
20231019T_4958622226317540,其他,未提及,未提及
20231020T_4958893572362019,网贷,80000,男
20231021T_4959281185030242,赌博,500000,女
20231023T_4960006669340149,网贷,100000,男
20231023T_4960073246575250,网贷,180000,女
20231024T_4960370080615774_1,网贷,未提及,未提及
20231024T_4960370080615774_2,其他,未提及,未提及
20231025T_4960695046899488,其他,未提及,未提及
20231025T_4960708989817315,其他,未提及,未提及
20231025T_4960806309727196,赌博,8000,男
20231027T_4961456702884338_1,网贷,15.5,女
20231027T_4961456702884338_2,网贷,100000,女
20231029T_4962216793342205,其他,未提及,未提及
20231029T_4962233591532453,赌博,未提及,未提及
20231030T_4962502141281871,网贷,30,女
20231030T_4962513692920770,网贷,280000,未提及
20231030T_4962597361159685,网贷,80000,未提及
20231031T_4962891397595977_1,网贷,250000,未提及
20231031T_4962891397595977_2,网贷,400000,女
20231101T_4963265926923104,网贷,70000,未提及
20231101T_4963328764153977,网贷,70000,未提及
20231102T_4963603805636744_1,赌博,6000000,女
20231102T_4963603805636744_2,其他,未提及,男
20231102T_4963603805636744_3,其他,未提及,未提及
20231102T_4963628996363984,其他,50000,女
20231102T_4963704659512440_1,其他,未提及,未提及
20231102T_4963704659512440_2,其他,20000,未提及
20231103T_4963962640926446,网贷,270000,未提及
20231103T_4963985210737043,其他,未提及,未提及
20231103T_4963994034243358,其他,未提及具体金额,女
20231103T_4964011639311522,其他,未提及,未提及
20231103T_4964089313630377,其他,未提及,未提及
20231104T_4964341977975777_1,其他,未提及,未提及
20231104T_4964341977975777_2,未提及,未提及,未提及
20231104T_4964478704163044_1,未提及,未提及,未提及
20231104T_4964478704163044_2,未提及,未提及,未提及
20231105T_4964699477381624_1,网贷,46000,未提及
20231105T_4964699477381624_2,赌博,500000,未提及
20231105T_4964699477381624_3,网贷,46000,未提及
20231105T_4964700079263240,其他,未提及,未提及
20231105T_4964721923196972,赌博,100000,未提及
20231106T_4965136597516761_1,网贷,未提及,未提及
20231106T_4965136597516761_2,其他,未提及,未提及
20231107T_4965513542503689,网贷,40000,未提及
20231108T_4965772212572055,网贷,34000,未提及
20231108T_4965845156496479,网贷,未提及,未提及
20231111T_4966876926443737,网贷,200000,女
20231111T_4966981947621934,其他,未提及,未提及
20231114T_4967941823005839,网贷,"4万, 20万",未提及
20231115T_4968341704280284,赌博,97000,男
20231115T_4968379640972041,赌博,300000,女
20231115T_4968400444719255,其他,未提及,女
20231117T_4969137053633156,网贷,80000,未提及
20231118T_4969423452504787_1,网贷,180000,未提及
20231118T_4969423452504787_2,网贷,168000,男
20231118T_4969423452504787_3,其他,143000,未提及
20231119T_4969780605880907,赌博,60000,男
20231121T_4970483293882346,网贷,290000,未提及
20231121T_4970554905861612,其他,7000,男
20231123T_4971222493825668,赌博,500000,女
20231123T_4971229404463653,网贷,20000,女
20231125T_4971979398185215,未提及,未提及,未提及
20231126T_4972318804940069,赌博,几十万、三万、十万、八万、两万,未提及
20231126T_4972399423916907,网贷,未提及,未提及
20231127T_4972695088534253,其他,未提及具体金额,未提及
20231128T_4973120886935262,赌博,30,男
20231129T_4973425711649344,网贷,160000,男
20231129T_4973433228625510,其他,未提及,未提及
20231130T_4973657622839898,赌博,10000-17500,未提及
20231130T_4973818141739969,网贷,100000,未提及
20231201T_4974225783525064,赌博,640000,未提及
20231202T_4974528206211522_1,其他,未提及,未提及
20231205T_4975562487760252,赌博,10000,男
20231205T_4975618186021595,其他,未提及,未提及
20231206T_4975952876275894,网贷,30000,女
20231206T_4975983689993777,网贷,未提及具体金额,未提及
20231207T_4976282800228533,网贷,35000,男
20231207T_4976352314787649,其他,未提及,未提及
20231207T_4976364040749480,网贷,20000,女
20231208T_4976661420835996,赌博,21万元,女
20231210T_4977468501395227,其他,2500,未提及
20231218T_4980224896535313,其他,未提及,未提及
20231220T_4981010938989866,网贷,200000,女
20231220T_4981050289425339,网贷,140000,未提及
20231225T_4982802694537246,网贷,30000,女
20231227T_4983529958540220,赌博,未提及具体金额,未提及
20231227T_4983552456786850_1,赌博,133970,男
20231227T_4983552456786850_2,其他,未提及,未提及
20231228T_4983890735006066,网贷,500000,女
20231231T_4985063474991583,网贷,60000,未提及
20240112T_4989291832280684,网贷,140000,未提及
20240112T_4989296677488032,网贷,14,女
20240112T_4989409029521813,网贷,47000,未提及
20240113T_4989674944203620,网贷,未提及,未提及
20240113T_4989685814530546_1,赌博,240000,女
20240113T_4989685814530546_2,赌博,35-50,未提及
20240113T_4989718195867049,其他,55000,男
20240119T_4991969373722432,网贷,360000,男
20240120T_4992216810391908_1,其他,未提及,未提及
20240120T_4992216810391908_2,其他,未提及,未提及
20240120T_4992216810391908_4,其他,未提及,未提及
20240120T_4992216810391908_5,其他,未提及,未提及
20240120T_4992255088138855,网贷,42000,女
20240121T_4992584537604617,网贷,170000,女
20240123T_4993295681587897,网贷,11,女
20240125T_4994032734834267,网贷,70000,未提及
20240126T_4994473626702142_1,赌博,541007,男
20240126T_4994473626702142_2,赌博,1850745.73,未提及
20240126T_4994473626702142_3,其他,541007,未提及
20240128T_4995107442920128,网贷,50000,未提及
20240130T_4995824613065109,网贷,150000,女
20240201T_4996553057766179,网贷,360000,男
20240205T_4998013680617957_1,网贷,60000,未提及
20240205T_4998013680617957_2,网贷,70000,未提及
20240207T_4998780653405776_1,未提及,未提及,未提及
20240214T_5001397296961067,其他,"40万, 28万",女
20240217T_5002426565004686,其他,100000,未提及
20240218T_5002853489312754,其他,未提及,未提及
20240220T_5003574532376573,网贷,42000,男
20240221T_5003788303469432_1,赌博,21200,男
20240221T_5003788303469432_2,赌博,50000,男
20240221T_5003820985223293,赌博,29000,未提及
20240222T_5004253813020711,网贷,140000,男
20240223T_5004619464315114_1,网贷,未提及,未提及
20240223T_5004619464315114_2,网贷,63000,未提及
20240224T_5005083899595499_1,未提及,未提及,未提及
20240224T_5005083899595499_3,未提及,未提及,未提及
20240224T_5005083899595499_4,其他,未提及,未提及
20240227T_5006103880403172,网贷,100000,未提及
20240228T_5006476352950146,赌博,10万存单和1000元红包,女
20240229T_5006880794216162,赌博,400000,女
20240307T_5009246368563437,网贷,85000,男
20240307T_5009254240486929,网贷,5000,女
20240308T_5009636052175558,赌博,100000,女
20240311T_5010695143293110,网贷,1.3w,女
20240313T_5011418954859386_1,赌博,140000,未提及
20240313T_5011418954859386_2,网贷,未提及,未提及
20240313T_5011418954859386_3,网贷,未提及,未提及
20240313T_5011418954859386_4,网贷,未提及,男
20240313T_5011418954859386_5,其他,300,女
20240313T_5011424071385901_1,网贷,25个（25万）,未提及
20240313T_5011424071385901_2,其他,未提及,未提及
20240313T_5011424071385901_3,其他,未提及,未提及
20240313T_5011424071385901_4,其他,未提及,未提及
20240313T_5011424071385901_5,网贷,未提及,未提及
20240313T_5011424071385901_6,其他,80000,未提及
20240313T_5011424071385901_7,其他,250000,未提及
20240314T_5011763215466650,网贷,92000,男
20240314T_5011840700516672_1,网贷,450000,女
20240314T_5011840700516672_2,其他,6000,未提及
20240314T_5011840700516672_3,网贷,12000,未提及
20240314T_5011840700516672_4,网贷,27000,未提及
20240314T_5011840700516672_5,其他,未提及,未提及
20240314T_5011864465183158,赌博,200000,女
20240315T_5012152186045888,网贷,30000,未提及
20240315T_5012172213847959,网贷,59000,男
20240316T_5012490666640764,网贷,280000,未提及
20240316T_5012498665439401,网贷,未提及,未提及
20240316T_5012613719393306,网贷,30000,男
20240318T_5013235814107970,网贷,150000,男
20240318T_5013242875480664,网贷,26000,未提及
20240318T_5013301346438707,网贷,80000,女
20240319T_5013707559538749,网贷,10000,男
20240320T_5013804565399274,其他,未提及,未提及
20240320T_5013960136590186,网贷,40000,女
20240320T_5014009501978125_1,赌博,50000,男
20240320T_5014009501978125_2,网贷,未提及,未提及
20240320T_5014009501978125_3,其他,未提及,未提及
20240320T_5014009501978125_4,其他,未提及,未提及
20240320T_5014009501978125_5,其他,未提及,未提及
20240321T_5014316461850725,网贷,138000,女
20240321T_5014323694929773,赌博,130000,女
20240322T_5014666293543760,网贷,130000,女
20240325T_5015767598763641,网贷,170000,未提及
20240325T_5015795774259852_1,赌博,150000,女
20240325T_5015795774259852_10,其他,1200,未提及
20240325T_5015795774259852_11,其他,未提及,未提及
20240325T_5015795774259852_12,其他,500.00,未提及
20240325T_5015795774259852_2,其他,2000,未提及
20240325T_5015795774259852_3,网贷,未提及,妈
20240325T_5015795774259852_4,其他,5000,未提及
20240325T_5015795774259852_5,网贷,2500,女
20240325T_5015795774259852_6,其他,1500,未提及
20240325T_5015795774259852_7,其他,200.00,未提及
20240325T_5015795774259852_8,其他,300.00,未提及
20240325T_5015795774259852_9,其他,50.00,未提及
20240326T_5016133222269368,赌博,负五位数以上,未提及
20240328T_5016884879298367,其他,未提及,未提及
20240401T_5018295011118380,网贷,270000,未提及
20240401T_5018324851753230,其他,未提及,未提及
20240402T_5018745091920423,赌博,100,女
20240411T_5021922272740196,网贷,60000,女
20240411T_5021963313747183_1,网贷,30,女
20240411T_5021963313747183_2,网贷,65400,男
20240412T_5022362750419532,赌博,几千块到几万块不等,未提及
20240415T_5023392256492566,网贷,200000,未提及
20240416T_5023750100094189,赌博,430000,未提及
20240418T_5024472371562032,网贷,150000,未提及
20240419T_5024827943685078,其他,未提及,未提及
20240419T_5024857214945822_1,网贷,240000,男
20240419T_5024857214945822_2,网贷,10000到50000不等,未提及
20240419T_5024857214945822_3,其他,未提及,未提及
20240419T_5024857214945822_4,网贷,具体金额较多，涉及多个时间点和金额，无法直接给出总金额，但可以确定涉及金额较大,未提及
20240419T_5024896923730535,网贷,20000,女
20240421T_5025665113918482,网贷,600000,女
20240422T_5025955171272545,网贷,73000,女
20240424T_5026633721580308,网贷,2000,未提及
20240424T_5026672597796948,网贷,135431.91,未提及
20240426T_5027454571778909,网贷,22000,未提及
20240430T_5028809026569598,网贷,300000,女
20240509T_5032077053398224,网贷,39000,未提及
20240509T_5032083229772584,网贷,20000,未提及
20240522T_5036875988860969,其他,3000,女
20240522T_5036980141820115,赌博,200000,女
20240523T_5037199204553598,网贷,170000,未提及
20240524T_5037524663405423,网贷,220000,未提及
20240524T_5037581240108050,网贷,60000,男
20240527T_5038632270302321_1,赌博,1000,未提及
20240527T_5038632270302321_2,网贷,50,未提及
20240527T_5038632270302321_3,赌博,20.00,未提及
20240527T_5038632270302321_4,赌博,未提及,未提及
20240527T_5038632270302321_5,赌博,未提及,未提及
20240527T_5038632270302321_6,网贷,1000,未提及
20240527T_5038632270302321_7,其他,未提及,未提及
20240603T_5041135951810049,赌博,45000,女
20240604T_5041496099914132,其他,未提及,未提及
20240604T_5041517690883644,网贷,60000,未提及
20240605T_5041900593088341,其他,500,未提及
20240607T_5042584053613458,网贷,37000,未提及
20240607T_5042603709437140_2,未提及,未提及,未提及
20240610T_5043773539353817,赌博,300,未提及
20240614T_5045144888541270_1,网贷,280000,女
20240614T_5045144888541270_2,网贷,225272.91,未提及
20240614T_5045144888541270_3,其他,282088.87,未提及
20240617T_5046214339593251,网贷,60000,男
20240618T_5046598656853141_1,赌博,7000,未提及
20240618T_5046598656853141_10,其他,7000,未提及
20240618T_5046598656853141_11,其他,未提及,未提及
20240618T_5046598656853141_2,网贷,4924.44,未提及
20240618T_5046598656853141_3,网贷,7000,未提及
20240618T_5046598656853141_4,赌博,7000,未提及
20240618T_5046598656853141_5,其他,未提及,未提及
20240618T_5046598656853141_6,赌博,几千存进去，赢几百或几万,未提及
20240618T_5046598656853141_7,赌博,7000,未提及
20240618T_5046598656853141_8,其他,未提及,未提及
20240618T_5046598656853141_9,其他,未提及,未提及
20240623T_5048482869808722,赌博,200多万,未提及
20240624T_5048841323677712_1,其他,未提及,女
20240624T_5048841323677712_10,其他,未提及,未提及
20240624T_5048841323677712_11,其他,未提及,未提及
20240624T_5048841323677712_12,其他,未提及,未提及
20240624T_5048841323677712_13,其他,未提及,未提及
20240624T_5048841323677712_14,其他,未提及,未提及
20240624T_5048841323677712_15,其他,未提及,未提及
20240624T_5048841323677712_16,其他,未提及,未提及
20240624T_5048841323677712_2,赌博,5000,未提及
20240624T_5048841323677712_3,赌博,未提及,女
20240624T_5048841323677712_4,赌博,未提及,未提及
20240624T_5048841323677712_5,其他,未提及,未提及
20240624T_5048841323677712_6,其他,未提及,未提及
20240624T_5048841323677712_7,其他,未提及,未提及
20240624T_5048841323677712_8,其他,未提及,未提及
20240624T_5048841323677712_9,其他,未提及,未提及
20240625T_5049208881021295,网贷,0,未提及
20240626T_5049559738747733,网贷,18000,女
20240702T_5051637254850573_1,其他,未提及,未提及
20240702T_5051637254850573_2,网贷,130000,未提及
20240710T_5054548196459134,赌博,50000,男
20240711T_5054934001385692,网贷,80000,未提及
20240713T_5055694002980286_1,网贷,200000,男
20240713T_5055694002980286_2,其他,未提及,未提及
20240718T_5057452527845822,赌博,78000,男
20240718T_5057464846254362,其他,未提及,未提及
20240724T_5059614041181309,赌博,8000,未提及
20240725T_5059990353611318,其他,未提及,未提及
20240728T_5061167506265250,网贷,250000,未提及
20240801T_5062517405782408_2,网贷,未提及,未提及
20240801T_5062517405782408_3,网贷,197899.5,未提及
20240803T_5063275358981444,赌博,400000,女
20240810T_5065809921311670,网贷,200000,男
20240810T_5065847576200536,其他,未提及,未提及
20240813T_5066839635525661,其他,未提及,未提及
20240819T_5069055646763305,网贷,190000,未提及
20240820T_5069423048394744,赌博,1000,未提及
20240823T_5070512578890473,其他,44w,女
20240824T_5070863345126179,赌博,100000,女
20240825T_5071242271655151,网贷,250000,女
20240828T_5072314624119858,其他,未提及,未提及
20240829T_5072680084571565,网贷,13000,未提及
20240829T_5072762417449952,网贷,120,未提及
20240830T_5073045322990710,网贷,160000,未提及
20240831T_5073404765668331,赌博,70,未提及
20240902T_5074144924534186,网贷,50000,未提及
20240904T_5074852570466226,网贷,60000,未提及
20240910T_5077017810698564,网贷,8000,未提及
20240918T_5079926234155533,赌博,600000,女
20240923T_5081776001651255,赌博,230000,女
20240927T_5083180646532545,赌博,124000,女
20240927T_5083225986958488,网贷,65000,女
20240928T_5083556011312179,其他,未提及具体金额,女
20240928T_5083685575199060,赌博,80000,未提及
20240929T_5083974549900884_1,网贷,127000,未提及
20240929T_5083974549900884_2,其他,未提及,未提及
20240930T_5084264240515635,网贷,130000,女
20241011T_5088234756112860,网贷,50000,女
20241011T_5088241430823710_1,网贷,100000,未提及
20241011T_5088241430823710_2,网贷,47000,女
20241011T_5088241430823710_3,其他,未提及,未提及
20241011T_5088241430823710_4,网贷,未提及,未提及
20241011T_5088241430823710_5,网贷,未提及,未提及
20241011T_5088241430823710_6,网贷,50000,未提及
20241020T_5091478236039644,网贷,6,女
20241021T_5091873014154233,网贷,60000,未提及
20241021T_5091949021496745,网贷,10000,未提及
20241022T_5092251270909938,网贷,30000,女
20241024T_5093003154686439,网贷,70000,未提及
20241027T_5094168995562227,赌博,400000,女
20241031T_5095501928860323_1,网贷,45000,未提及
20241031T_5095501928860323_2,其他,未提及,未提及
20241031T_5095501928860323_3,其他,20000,未提及
20241031T_5095501928860323_4,网贷,16000,未提及
20241101T_5095868376547839,网贷,85000,未提及
20241101T_5095900363883678,赌博,110000,未提及
20241108T_5098378859907743,其他,未提及,未提及
20241108T_5098391485288194,赌博,50000,男
20241109T_5098740703037158,其他,未提及,未提及
20241109T_5098780974122644,网贷,60000,男
20241111T_5099507446973535,网贷,200000,未提及
20241113T_5100207610530943_1,网贷,65000,未提及
20241113T_5100207610530943_2,网贷,未提及,未提及
20241113T_5100207610530943_3,其他,未提及,未提及
20241113T_5100207610530943_4,其他,44000,未提及
20241113T_5100207610530943_5,网贷,六万,未提及
20241113T_5100207610530943_6,网贷,60000,未提及
20241113T_5100207610530943_7,网贷,20000,未提及
20241113T_5100207610530943_8,其他,未提及,未提及
20241117T_5101665325681727_1,其他,未提及,未提及
20241117T_5101665325681727_2,其他,未提及,未提及
20241117T_5101693005464179,赌博,未提及具体金额,女
20241125T_5104576220369166_1,其他,未提及,未提及
20241125T_5104576220369166_2,其他,未提及,女
20241201T_5106726114428751_1,网贷,100000,女
20241201T_5106726114428751_2,网贷,106418,女
20241201T_5106776297180994_1,其他,未提及,未提及
20241201T_5106776297180994_2,赌博,22,未提及
20241204T_5107802270600460,赌博,200000,女
20241205T_5108186891944481,网贷,178000,女
20241212T_5110800369060898_1,其他,未提及,未提及
20241212T_5110800369060898_2,网贷,36044,女
20241224T_5115099480330070,网贷,150000,女
20241225T_5115450814367577,网贷,35.4,未提及
20241225T_5115479421356163_1,网贷,14400,女
20241225T_5115479421356163_2,网贷,14400,女
20241226T_5115815030427506_1,其他,未提及,未提及
